building_id,building_type,sqm,n_hours,missing_rate,train_hours,val_hours,test_hours,mean_energy,std_energy,zero_ratio,test_mean,test_std,test_zero_ratio,test_persistence_mae,daily_profile_range,eligible_coverage,active_test,selected
Hog_education_Janell,Education,26718.3,17179,0.02080483356133156,10307,3436,3436,3331.3986727981837,1057.3677493931634,5.821060597240817e-05,3479.3602153667052,892.4789092428887,0.0,104.46368698710432,640.7486693725778,True,True,True
Moose_education_Clark,Education,70999.9,17511,0.0018809849521204125,10506,3502,3503,845.2690896008224,286.25835235185116,0.0,806.9451757350843,286.29197813840176,0.0,50.740936907157234,505.9769133241757,True,True,True
Moose_education_Gladys,Education,67999.9,17453,0.005186958504331929,10471,3491,3491,1118.3069412421935,295.159262467493,0.0,1072.2816782297336,286.2319634979511,0.0,47.37140092298817,544.782950770933,True,True,True
Hog_education_Caridad,Education,24153.8,17122,0.024053807569539454,10273,3424,3425,1338.197188202313,582.4912721012357,0.0,1183.7084299854016,513.1918846797803,0.0,47.12415918847398,394.01828570311704,True,True,True
Cockatoo_education_Joeann,Education,10360.4,16043,0.08555631554947563,9625,3209,3209,393.66417492987597,178.39376269118102,0.0,366.4870728264257,151.4321091746882,0.0,46.36895604395605,407.28937483528296,True,True,True
Moose_education_Rene,Education,37999.9,17511,0.0018809849521204125,10506,3502,3503,482.06084416652385,303.9224909161174,0.0,459.153208478447,314.04370867705563,0.0,45.30497637252084,505.3462677822521,True,True,True
Rat_education_Kathryn,Education,30213.6,17541,0.00017099863201097687,10524,3508,3509,518.9253166866199,219.39900222631198,0.0,501.5616357936734,215.81281643404103,0.0,43.72954088952654,373.5039912486179,True,True,True
Bobcat_education_Whitney,Education,6957.1,15159,0.1359439124487004,9095,3032,3032,360.61592404512174,155.84327269417167,0.0029025661323306287,348.29592018469657,186.06790113809583,0.00032981530343007914,42.30885079787234,254.10781917591123,True,True,True
Moose_education_Leland,Education,48999.9,17511,0.0018809849521204125,10506,3502,3503,984.6001290388898,1039.9084387115172,0.26320598480954827,999.5287683985156,269.902057616266,0.0,40.20316806553608,543.3838787396508,True,True,True
Moose_education_Abbie,Education,45000.0,17508,0.0020519835841312783,10504,3502,3502,1249.1046995373542,254.642409667724,0.0,1165.6911042832667,244.91330282963588,0.0,37.493968516388726,393.1960740384616,True,True,True
Panther_education_Neal,Education,7578.7,17534,0.0005699954400364415,10520,3507,3507,192.70182702178624,133.82920114033183,0.19259723964868256,247.93775143997718,107.47216688638507,0.0,36.87429853574505,112.49571668946646,True,True,True
Hog_education_Casandra,Education,26033.7,17194,0.019949840401276786,10316,3439,3439,1058.2222265325115,376.6609205533755,0.0,955.6355207909276,318.4837630569335,0.0,36.25497276720351,200.45552356257247,True,True,True
Rat_education_Tania,Education,21832.2,17436,0.006155950752393946,10461,3487,3488,308.0541626519844,159.21030000024666,0.007570543702684102,227.12834288990825,101.38297057663115,0.014334862385321102,35.21370092378753,166.72901076710875,True,True,True
Bear_education_Wilton,Education,28273.4,17460,0.004787961696306464,10476,3492,3492,1563.724855561283,164.40471218624108,0.0,1662.4121471649487,168.55158184085428,0.0,34.80641704152249,289.77883519033253,True,True,True
Hog_education_Robert,Education,30925.9,17537,0.0003989968080255757,10522,3507,3508,556.5494902206763,208.9118898844251,0.0,547.3522762257696,207.5676062238115,0.0,34.349956946039036,386.52283876281325,True,True,True
Wolf_education_Anisa,Education,11008.0,17534,0.0005699954400364415,10520,3507,3507,232.930627209992,151.19757196054553,0.025949583666020303,217.44940903906473,143.9549710470578,0.0,33.17343238587425,201.27415497160956,True,True,True
Rat_education_Lee,Education,26291.5,17532,0.0006839945280437965,10519,3506,3507,403.4237890714123,112.37565923753665,0.0,436.29585970915315,111.64679975608354,0.0,32.73061154177433,180.12726402188787,True,True,True
Rat_education_Beverly,Education,36603.8,17512,0.0018239854081167906,10507,3502,3503,659.5770728643216,298.27698189467327,0.0,482.4401969740223,195.71264762914757,0.0,32.066062086806554,384.4089634679449,True,True,True
Bear_education_Chad,Education,39101.5,17448,0.005471956224350261,10468,3490,3490,1000.0856097546995,166.0250056617346,0.0,1062.805356790831,157.61054133063666,0.0,30.150055193306404,254.4909523726484,True,True,True
Eagle_education_Peter,Education,41103.8,17295,0.014192886456908305,10377,3459,3459,1558.9417151546688,151.5037532859331,0.0,1470.1394807458803,133.5002700489895,0.0,28.87779860262009,290.8122452338275,True,True,True
Peacock_education_Gilberto,Education,23225.8,17527,0.0009689922480620172,10516,3505,3506,1027.7996031266048,94.90066053729153,0.0,1048.215601026811,94.95640617016129,0.0,26.701353159103963,217.4545696788698,True,True,True
Bear_education_Bulah,Education,20504.0,17442,0.005813953488372103,10465,3488,3489,1331.7302557848873,138.71724765088402,0.0,1416.7864721696762,141.11064370685318,0.0,26.319371313131317,245.2076814586926,True,True,True
Cockatoo_education_Eunice,Education,12195.5,16111,0.08168034655722756,9666,3222,3223,390.83188504748307,96.7720256391989,0.0,408.81750179956566,96.6001509196669,0.0,25.734284151297278,184.41849617639878,True,True,True
Robin_education_Leslie,Education,12977.0,17404,0.007979936160510737,10442,3481,3481,887.6955916168697,147.37146294162804,0.0,892.2736024705544,134.85425985076603,0.0,25.7003066820943,287.6859031812488,True,True,True
Fox_education_Eddy,Education,13015.0,17389,0.008834929320565399,10433,3478,3478,297.6298401288171,83.47643118302645,0.0,294.6589735480161,84.46928002829112,0.0,25.647052692530405,211.50519668600896,True,True,True
Rat_education_Nellie,Education,26217.2,17505,0.0022229822161422552,10503,3501,3501,435.0652390745501,158.04305018386918,0.00017137960582690659,427.51993144815765,171.44694778575382,0.0,25.411777394305435,264.5803561643835,True,True,True
Peacock_education_Lyle,Education,17727.5,17534,0.0005699954400364415,10520,3507,3507,668.3461816071632,139.17243317045208,0.0,628.8723791559737,125.56473862823388,0.0,25.39002761986793,299.20552602739724,True,True,True
Moose_education_Florence,Education,26999.9,17511,0.0018809849521204125,10506,3502,3503,219.3516418194278,202.927047841262,0.32248301067900176,331.2621197544961,168.37576056498168,0.0,24.630617706237423,178.24286250000003,True,True,True
Cockatoo_education_Brigitte,Education,25998.0,16118,0.08128134974920198,9670,3224,3224,713.2991257227944,113.80071379504004,0.0,718.7703783808932,102.57973958054713,0.0,24.1754739375,258.1335814229109,True,True,True
Bull_education_Kendra,Education,16640.3,17507,0.0021089831281350113,10504,3501,3502,458.8851316616211,131.61134496841194,0.01799280287884846,477.1616219303255,137.63424423513118,0.023415191319246145,23.5066129959747,223.69012598312435,True,True,True
Bull_education_Antonia,Education,37099.0,17171,0.021260829913360646,10302,3434,3435,472.07474812183335,99.5948578592387,0.00809504396948343,482.8327510917031,116.86484083519672,0.01106259097525473,23.460861917326298,97.40915395284327,True,True,True
Cockatoo_education_Janet,Education,29946.4,16116,0.08139534883720934,9669,3223,3224,999.78199773517,115.89407500618775,0.0,971.7065372208438,119.02228517066146,0.0,22.828023562500004,227.8412691103806,True,True,True
Crow_education_Omer,Education,11857.4,16278,0.07216142270861836,9766,3256,3256,337.3634862390957,116.3542645857891,0.0,328.35068458230955,120.38114049536966,0.0,22.722526608910893,247.75779203539824,True,True,True
Wolf_education_Tori,Education,19044.9,17541,0.00017099863201097687,10524,3508,3509,377.043425545864,120.16327972633631,0.0,349.1620447420918,114.63733308329473,0.0,22.253121951219512,213.4572943050428,True,True,True
Bull_education_Dottie,Education,39822.6,17185,0.020462836297309606,10311,3437,3437,1295.9086994471922,264.6759271111929,0.01774803607797498,943.5298225196392,233.14234488884915,0.04335176025603724,22.027248754761207,230.68433676252835,True,True,True
Eagle_education_Luther,Education,10799.9,17404,0.007979936160510737,10442,3481,3481,473.2473981670881,32.25256966331364,0.0,495.0135018672795,34.72028154292621,0.0,21.713335261787677,52.46510160585268,True,True,True
Rat_education_Theo,Education,26830.4,17541,0.00017099863201097687,10524,3508,3509,555.969565589191,343.7596184552712,0.0,353.8950099743517,113.99434458871914,0.0,20.692022955523676,321.0590737269163,True,True,True
Fox_education_Elizabeth,Education,25295.4,17192,0.02006383948928414,10315,3438,3439,419.38374883666825,205.06097511347343,0.11993950674732434,469.4569642337889,216.4637284169849,0.1308519918580983,20.36920644216691,291.1714793656281,True,True,True
Bull_education_Delia,Education,28356.2,17189,0.020234838121295007,10313,3438,3438,584.1023037989412,385.43537819053427,0.2962941416021874,852.196625945317,158.7269976014068,0.02297847585805701,19.968072642062097,272.1335402191137,True,True,True
Cockatoo_education_Flora,Education,13913.3,16014,0.08720930232558144,9608,3203,3203,871.503012988635,43.06585571919571,0.0,854.9169060568219,40.26982952076563,0.0,19.335406794589492,49.89518791516059,True,True,True
Moose_education_Diane,Education,16999.9,16919,0.03562471500227993,10151,3384,3384,864.4433311897866,746.7747555564921,0.42047402328742833,1598.8069330082742,109.62792902893511,0.0,19.290201994047617,85.4012512070833,True,True,True
Rat_education_Vicky,Education,18004.6,16933,0.03482672138622889,10159,3387,3387,185.84283706372173,72.48495302642381,0.0046654461702002005,193.80475051668142,87.70593966832736,0.016533805727782697,19.16040440083259,53.09630259377573,True,True,True
Bear_education_Leonel,Education,6988.9,17540,0.00022799817601459882,10524,3508,3508,118.82608493728618,86.68907799444585,0.0,123.85167785062715,87.8489136855175,0.0,19.066320895522388,174.00885963645223,True,True,True
Robin_education_Derick,Education,13965.0,17194,0.019949840401276786,10316,3439,3439,539.2345037280446,122.43612814290097,0.0,543.5064963943007,100.80969498884197,0.0,18.550354963396778,176.18377836935713,True,True,True
Eagle_education_Sherrill,Education,18064.2,17436,0.006155950752393946,10461,3487,3488,694.6168186740078,65.7790846336691,0.0,684.3061360378441,65.05578701474629,0.0,18.539496102771366,135.82418273192093,True,True,True
Rat_education_Conrad,Education,33073.5,16343,0.06845645234838116,9805,3269,3269,162.24046013583796,144.55006671049543,0.00312060209263905,161.82584582441115,136.2699805658676,0.015295197308045273,18.142557781201845,154.22032400391336,True,True,True
Robin_education_Julius,Education,12850.0,17194,0.019949840401276786,10316,3439,3439,350.95837378736763,104.61728550090427,0.0,351.72420732771155,100.49597945231739,0.0,17.9085897510981,212.42329446313164,True,True,True
Fox_education_Andre,Education,17044.0,17513,0.0017669858641130576,10507,3503,3503,455.0739062410781,50.516159690598315,0.0,476.39755067085355,46.00111542847246,0.0,17.797165852256395,92.47590937401793,True,True,True
Bull_education_Racheal,Education,36560.1,17203,0.019436844505243966,10321,3441,3441,583.6837179561704,94.43760066965184,0.0,572.4142691078175,94.45102199736148,0.0,17.504243488440153,184.01455415499538,True,True,True
Eagle_education_Roman,Education,18621.7,17333,0.012026903784769671,10399,3467,3467,694.3171407142445,53.08683185343207,0.0,708.9166426305163,53.18264459486123,0.0,17.42114435085681,93.99239089735056,True,True,True
Eagle_education_Brooke,Education,25384.3,17257,0.016358869129046938,10354,3451,3452,915.0380625195573,68.74179329567284,0.0,896.9607292873696,50.12342773801128,0.0,17.315380688448073,82.7508607102285,True,True,True
Eagle_education_Brianne,Education,6857.4,17544,0.0,10526,3509,3509,401.13390794573644,127.24100764069999,0.04970360237118103,448.7321174123682,80.86957259408277,0.0008549444286121402,17.163558106169297,35.75530095759234,True,True,True
Wolf_education_Laurinda,Education,18706.0,17193,0.020006839945280408,10315,3439,3439,219.0727352701681,107.8816434406677,0.0,190.79486624018608,98.02631166738458,0.0,16.86274524158126,215.71560591542297,True,True,True
Rat_education_Willie,Education,9680.5,17468,0.0043319653442772665,10480,3494,3494,238.9079705747653,128.68389565162252,0.0,232.9104522037779,114.06275762522507,0.0,16.64899135446686,208.0743490221899,True,True,True
Fox_education_Delma,Education,9181.5,17543,5.699954400362195e-05,10525,3509,3509,92.26115772672861,75.15961911844012,0.0018810921735165024,59.20932459390139,76.4710765713444,0.009119407238529496,16.277124820659974,162.51389876880984,True,True,True
Fox_education_Willis,Education,24265.1,17497,0.002678978568171453,10498,3499,3500,2435.5683900097156,235.0470799073807,0.0,2321.336702857143,154.65318815923118,0.0,16.11604430379747,81.43245408604616,True,True,True
Eagle_education_Raul,Education,15255.2,17327,0.012368901048791625,10396,3465,3466,659.4149177180124,47.74908433160425,0.0,647.4296403058281,48.24333913682283,0.0,15.977361940732134,82.46411438742962,True,True,True
Hog_education_Sonia,Education,17103.3,17510,0.0019379844961240345,10506,3502,3502,626.0719564020559,86.04243633300624,0.0,626.060105368361,81.60428342664542,0.0,15.945974123059228,179.62722746937027,True,True,True
Bear_education_Thuy,Education,25122.2,17479,0.003704970360237092,10487,3496,3496,230.92605047199498,82.76076871835092,0.0,239.06482834668194,84.69692105233477,0.0,15.925071975806452,170.81149195569165,True,True,True
Hog_education_Luvenia,Education,17851.5,17229,0.01795485636114913,10337,3446,3446,468.17728005107665,87.92771221431062,0.0,471.04142455020315,91.16027002184113,0.0,15.860634424313266,132.73333426380884,True,True,True
Eagle_education_Shante,Education,21566.4,17194,0.019949840401276786,10316,3439,3439,610.6165823368617,104.93312790575034,0.022740490868907757,631.9193864786276,46.60380258098415,0.0,15.831368931185946,121.37039331033805,True,True,True
Bear_education_Maryjane,Education,7998.1,17415,0.007352941176470562,10449,3483,3483,329.08086941142693,66.06287134393553,0.0,349.062675050244,71.60373184826723,0.0,15.54348407054062,102.6876973960708,True,True,True
Eagle_education_Norah,Education,9089.4,17376,0.009575923392612817,10425,3475,3476,495.99309392265195,32.011865077078745,0.0,513.16915995397,29.290284259436273,0.0,15.467844727694091,35.40655310006139,True,True,True
Eagle_education_Lino,Education,12911.4,17532,0.0006839945280437965,10519,3506,3507,187.13865499087385,51.674538445557204,0.009867670545288615,194.40963088109496,45.672891628144754,0.0011405759908753922,15.409832988802757,54.443888473848915,True,True,True
Cockatoo_education_Orlando,Education,15887.2,15819,0.09832421340629272,9491,3164,3164,233.15891385675454,43.53236528410747,0.0,239.78826905815424,43.335886944469586,0.0,15.26393312101911,93.9921601870027,True,True,True
Panther_education_Emily,Education,6326.1,17517,0.0015389876880984588,10510,3503,3504,105.76042659702003,64.12223108584426,0.18958725809213905,138.2698323630137,43.67632147638913,0.0,15.231903275862068,80.9287214340813,True,True,True
Wolf_education_Loren,Education,12190.0,17192,0.02006383948928414,10315,3438,3439,232.55320556072593,83.13621586424212,5.816658911121452e-05,223.45288383250946,80.61889022474568,0.0,15.154380673499269,158.16552596874783,True,True,True
Eagle_education_Edith,Education,7427.5,17194,0.019949840401276786,10316,3439,3439,172.40708165057578,65.51394244488681,0.021693614051413283,166.94273195696425,63.38063248216856,0.0,15.138497218155198,122.52768980603365,True,True,True
Hog_education_Leandro,Education,19241.6,17485,0.0033629730962152493,10491,3497,3497,474.7050744638261,80.11920064413269,0.0,499.5800909350872,78.55045716922807,0.0,15.069239850273537,163.1733827160494,True,True,True
Bear_education_Rebecca,Education,14279.2,17491,0.0030209758321932956,10494,3498,3499,781.6453305528557,85.46286474706095,0.0,739.1323998285225,83.74541830159441,0.0,15.018779539568346,152.44065966814378,True,True,True
Bull_education_Luke,Education,15458.6,17419,0.007124943000455963,10451,3484,3484,296.1975429129112,77.34391242041889,0.012113209713531201,287.8995407577497,83.28195996898664,0.017795637198622274,14.886994219653179,130.22912790142328,True,True,True
Bear_education_Lorie,Education,11212.8,17305,0.013622891016871863,10383,3461,3461,399.2361708928055,49.34591083068526,0.0,407.99602600404506,52.95252617771944,0.0,14.80692353796916,106.98288972780716,True,True,True
Cockatoo_education_Marva,Education,10123.7,15835,0.09741222070223443,9501,3167,3167,155.21880538048626,59.85520702210785,0.0,151.38280707293967,59.911521017148466,0.0,14.798106904231627,112.30588358800351,True,True,True
Bull_education_Juan,Education,26212.8,17504,0.002279981760145877,10502,3501,3501,214.5283078153565,68.500585775377,0.017595978062157222,224.71650956869465,75.92090602683632,0.02570694087403599,14.722461892436009,113.44356622924792,True,True,True
Crow_education_Winston,Education,8659.1,16536,0.057455540355677126,9921,3307,3308,315.7414023343009,124.79670620370281,0.0,383.95564721886336,123.98224963443171,0.0,14.529511266747871,96.83780986937586,True,True,True
Eagle_education_Shanna,Education,9718.0,17194,0.019949840401276786,10316,3439,3439,295.58200535070375,53.88854600911797,0.0,297.8374527478918,41.708567174787866,0.0,14.479941434846266,43.1424304768139,True,True,True
Bull_education_Linnie,Education,14307.0,17510,0.0019379844961240345,10506,3502,3502,191.5810108509423,70.7812947119695,0.017075956596230724,186.5174186179326,75.58753768362718,0.023129640205596803,14.223979298447384,137.21604254126078,True,True,True
Bull_education_Miquel,Education,22820.4,17420,0.007067943456452341,10452,3484,3484,254.47310562571758,69.25038480082492,0.012112514351320321,245.2822904707233,74.74553390334815,0.017795637198622274,13.863005780346821,138.99547692453632,True,True,True
Moose_education_Maria,Education,35999.9,17450,0.005357957136342906,10470,3490,3490,757.6893961833811,197.49135102557946,0.0013180515759312322,929.3020642120343,19.729916670727214,0.0,13.758067801500292,136.97991473563945,True,True,True
Bull_education_Roland,Education,20071.7,17497,0.002678978568171453,10498,3499,3500,229.18265988455164,64.83168765004595,0.017774475624392754,229.867,71.61007179460562,0.022857142857142857,13.6921749136939,129.4829001367989,True,True,True
Rat_education_Adell,Education,9689.2,17348,0.011171910624715009,10408,3470,3470,148.781948351395,83.9793084148384,0.000576435323956652,146.37646397694525,80.59187876311475,0.0025936599423631124,13.623369123621591,133.2936084238312,True,True,True
Bull_education_Krista,Education,22263.1,17398,0.00832193342453258,10438,3480,3480,283.7479307966433,83.0885406471813,0.010863317622715255,260.46451149425286,72.93169211463486,0.016091954022988506,13.375289351851851,166.99872898261611,True,True,True
Bear_education_Alvaro,Education,10181.1,17481,0.003590971272229848,10488,3496,3497,419.54197717521885,61.714897801814274,0.0,414.70973671718616,60.80393550769578,0.0,13.255341405125252,127.70707773190628,True,True,True
Bear_education_Liliana,Education,19143.0,15416,0.12129502963976291,9249,3083,3084,494.10235016216916,72.3728818105501,0.0,489.7970406290532,72.99008984133806,0.0,12.9242777124183,133.92090701754393,True,True,True
Eagle_education_Wesley,Education,6604.3,17364,0.010259917920656614,10418,3473,3473,128.15008062658373,34.83899097242791,0.0,122.0788943276706,45.257431054315404,0.0,12.766599014207017,62.310146871155325,True,True,True
Rat_education_Alfonso,Education,7900.4,17468,0.0043319653442772665,10480,3494,3494,333.9977662010533,148.28124727781974,0.0001717426150675521,182.52445048654837,71.20226814611584,0.0005724098454493417,12.751746397694523,224.53119607665062,True,True,True
Panther_education_Alecia,Education,9805.4,17531,0.0007409940720474184,10518,3506,3507,183.99868127887743,103.7718485630402,0.19263019793508643,201.34173584260054,52.05402982085318,0.0,12.551487625610106,82.66328358413134,True,True,True
Bear_education_Elise,Education,20664.8,17533,0.0006269949840401745,10519,3507,3507,145.20229908743514,48.394729058859056,0.0,151.15030764185914,54.22221721181604,0.0,12.48095165087568,91.18246265389878,True,True,True
Hog_education_Donnie,Education,6837.4,17544,0.0,10526,3509,3509,84.50846089831282,71.48139914271069,0.0,80.2783342832716,65.12024239320615,0.0,12.353673457675756,110.17965937072503,True,True,True
Fox_education_Elvira,Education,13826.7,17502,0.002393980848153232,10501,3500,3501,188.79105302251173,53.5967492602891,5.713632727688264e-05,173.6795601256784,49.258990620612686,0.0,12.239715271786022,92.53320948030407,True,True,True
Fox_education_Cynthia,Education,7197.1,17222,0.018353853169174594,10333,3444,3445,207.59344036697252,36.018146468141296,0.0,209.7147837445573,33.3846308570893,0.0,12.21237649809997,25.595954492504205,True,True,True
Bear_education_Paola,Education,12802.6,17530,0.0007979936160510404,10518,3506,3506,149.27529628636623,59.95478828537006,0.0,160.26080618938963,69.39524216197889,0.0,12.211163813900058,101.90925786198554,True,True,True
Hog_education_Josh,Education,5630.5,17544,0.0,10526,3509,3509,133.3953618901049,80.49793502816533,0.13651390788873688,155.1040182388145,68.45127743127135,0.0014249073810202336,12.148350071736012,81.89845417236664,True,True,True
Bear_education_Shelley,Education,22378.8,17192,0.02006383948928414,10315,3438,3439,163.6593632619823,56.79835289746655,0.0,152.64047426577494,54.2232119885343,0.0,12.142843982430454,129.56599418525803,True,True,True
Robin_education_Margarito,Education,8468.0,17459,0.004844961240310086,10475,3492,3492,527.2838320522367,70.27835809544723,0.0,501.43648339060707,69.77403380785022,0.0,12.118742791234142,105.14189045695377,True,True,True
Hog_education_Roberto,Education,9365.8,17402,0.00809393524851798,10441,3480,3481,199.1276690035628,70.9593310748908,5.746465923457074e-05,200.4711289859236,72.67211854413186,0.0,12.05467168064796,134.04006131042283,True,True,True
Rat_education_Sina,Education,8203.3,17444,0.005699954400364748,10466,3489,3489,167.88364595276315,60.66751775539058,0.0,204.0982287188306,52.42740963259063,0.0,12.023965367965369,78.47434662998624,True,True,True
Fox_education_Leona,Education,26286.5,17531,0.0007409940720474184,10518,3506,3507,271.28390565284354,59.96847573267011,0.0,281.4029369831765,60.85510487337941,0.0,11.95034740166523,115.2640711842206,True,True,True
Bear_education_Patricia,Education,16996.0,17503,0.00233698130414961,10501,3501,3501,632.3578278809347,69.41209721349466,0.0,646.1693742930591,59.76049008397368,0.0,11.887699999999997,133.58759897720654,True,True,True
Eagle_education_Alberto,Education,15894.2,17194,0.019949840401276786,10316,3439,3439,443.02125014539956,108.99433851265559,0.04472490403629173,432.4207197441117,147.2805940927008,0.09450421634195987,11.87166521229868,111.22893623885375,True,True,True
Bull_education_Barry,Education,18440.1,17164,0.02165982672138622,10298,3433,3433,995.8983919832207,59.56123376166357,0.0,1008.4431983687737,49.772289295659505,0.0,11.843649163977705,85.0201021951874,True,True,True
Bobcat_education_Coleman,Education,10551.9,16176,0.07797537619699046,9705,3235,3236,121.58971225272008,44.68567093700186,0.0012363996043521265,115.50983618665018,44.55779358420609,0.0006180469715698393,11.83328306351183,79.28182421638351,True,True,True
Eagle_education_Samantha,Education,12518.5,17193,0.020006839945280408,10315,3439,3439,270.03770781131857,28.776039790456725,0.0,257.6599846757779,22.668606369922298,0.0,11.63110802342606,34.99073209360921,True,True,True
Bear_education_Destiny,Education,5157.6,15876,0.09507523939808482,9525,3175,3176,124.63750626102292,50.02304435731,0.0,106.27488170654914,46.297383150441796,0.0,11.616600507614214,110.789154325632,True,True,True
Robin_education_Derrick,Education,10994.0,17541,0.00017099863201097687,10524,3508,3509,403.1124284020295,66.67291269940189,0.0,390.4699338557994,63.48552599802443,0.0,11.59723850789096,116.84696087551305,True,True,True
Rat_education_Lincoln,Education,10857.8,17466,0.0044459644322845104,10479,3493,3494,161.08454482995535,75.39195213337211,0.0004580327493415779,158.82091013165427,77.5841778719682,0.0008586147681740126,11.46478097982709,127.80524725274726,True,True,True
Bull_education_Arthur,Education,22083.2,17181,0.020690834473324204,10308,3436,3437,405.6865432745475,49.35361661708077,0.0,401.5475705557172,45.878898009609216,0.0,11.453852915323763,119.10618642166764,True,True,True
Bear_education_Nanette,Education,6150.5,15905,0.09342225262197901,9543,3181,3181,112.84086133920151,37.5585476648336,0.0,119.3190375039296,48.051671458444254,0.0,11.439158980044345,79.8627440919266,True,True,True
Rat_education_Jena,Education,3804.4,17436,0.006155950752393946,10461,3487,3488,163.20904450562057,59.24754679311716,0.0,159.93104357798165,58.75703573575023,0.0,11.379624711316396,109.36836088154271,True,True,True
Cockatoo_education_Laurence,Education,4403.4,15796,0.09963520291837669,9477,3159,3160,69.35075017726007,32.320588004656145,0.0,71.3238976898734,32.849111024385465,0.0,11.368229145408165,43.46184124564459,True,True,True
Cockatoo_education_Terrence,Education,18954.9,15875,0.09513223894208844,9525,3175,3175,432.69375274960635,44.14545943691263,0.0,448.2638372913386,43.74449742658324,0.0,11.238424309742937,77.64262691942719,True,True,True
Robin_education_So,Education,12051.0,17504,0.002279981760145877,10502,3501,3501,491.5867817584552,62.424085627137316,0.0,486.9894030277063,67.0847546925107,0.0,11.154385964912281,99.91943886034977,True,True,True
Cockatoo_education_Tyler,Education,19928.2,16111,0.08168034655722756,9666,3222,3223,770.4157061696977,47.66256005660369,0.0,747.5667287309959,41.52206311801983,0.0,11.141471459831196,92.95131817258437,True,True,True
Fox_education_Yolande,Education,16681.6,17230,0.017897856817145508,10338,3446,3446,523.6535333720254,48.63028989950904,0.0,512.4991787579802,46.170521875982786,0.0,11.13678258328463,108.78410782142072,True,True,True
Wolf_education_Dorris,Education,11678.0,17541,0.00017099863201097687,10524,3508,3509,318.9985217490451,69.47961392267082,0.0,333.79686377885434,62.82497817447129,0.0,11.13661119081779,128.2695383036936,True,True,True
Bear_education_Owen,Education,17949.0,17192,0.02006383948928414,10315,3438,3439,150.93827829222894,62.01699172253537,0.00017449976733364356,146.9003902878744,58.033628603747765,0.0,10.980180439238653,128.90614240784814,True,True,True
Moose_education_Marlon,Education,21000.0,17510,0.0019379844961240345,10506,3502,3502,184.98907488863506,71.26724754972824,0.0,180.03715959451742,71.15273702925998,0.0,10.897723174238067,110.19990109550943,True,True,True
Bull_education_Fabiola,Education,10370.1,17509,0.0019949840401276564,10505,3502,3502,182.7620081101148,53.95078318231533,0.017134045348106686,182.6452027412907,59.89387963192263,0.023415191319246145,10.737492811960896,101.12464066862809,True,True,True
Panther_education_Aurora,Education,8012.9,17534,0.0005699954400364415,10520,3507,3507,100.44630872020075,62.35091065304906,0.19254020759666932,126.70993778157968,49.23956770187382,0.0,10.67050666092449,64.91923077975375,True,True,True
Wolf_education_Cheryl,Education,25605.0,17193,0.020006839945280408,10315,3439,3439,131.7668565695341,62.67495828934651,0.0,128.02525879616167,64.10994249166943,0.0,10.594935578330894,125.20102750232431,True,True,True
Bear_education_Fannie,Education,10788.0,16770,0.044117647058823484,10062,3354,3354,427.8745198747764,53.65925469406163,0.0,428.6361384317233,68.04071850131349,0.0,10.50458108108108,66.45409092415076,True,True,True
Fox_education_Kris,Education,2837.5,17498,0.002621979024167831,10498,3500,3500,106.30530060578351,56.17760577558599,0.0004000457195108012,122.59392,52.727753731834895,0.001142857142857143,10.349387226697354,107.42349426467747,True,True,True
Cockatoo_education_Sheryl,Education,14927.0,16119,0.08122435020519836,9671,3224,3224,471.40926393076495,50.9786916733058,0.0,452.37041721464016,45.12607671794011,0.0,10.252671875,100.86750148920572,True,True,True
Peacock_education_Ophelia,Education,11226.0,17531,0.0007409940720474184,10518,3506,3507,699.446449021733,42.347754325102684,0.0,714.7399200741374,32.592929800650744,0.0,10.244161699684181,61.80442089595431,True,True,True
Fox_education_Miguelina,Education,7831.7,17488,0.0031919744642042724,10492,3498,3498,93.71464146843549,41.27755505797363,0.0002859103385178408,91.01927672955975,42.3437071227352,0.0011435105774728416,10.204625791594705,78.03575923392611,True,True,True
Panther_education_Vincent,Education,11248.1,17532,0.0006839945280437965,10519,3506,3507,122.5424539755875,71.2257342097082,0.19267624914442164,140.67470949529513,48.72816285765898,0.0,10.09614820556991,63.84221701504413,True,True,True
Wolf_education_Ursula,Education,13998.0,17542,0.0001139990880072439,10525,3508,3509,141.2174766275225,54.10473112440804,0.0,123.09167996580221,50.54929455686183,0.0,10.066036585365852,95.47234952120382,True,True,True
Cockatoo_education_Collin,Education,5248.7,16114,0.08150934792521658,9668,3223,3223,206.2420498696785,42.18678045176384,0.0,244.6273865032578,37.77643117827234,0.0,10.052500781494217,72.91428571428571,True,True,True
Rat_education_Everett,Education,8024.5,17459,0.004844961240310086,10475,3492,3492,177.73183343834125,57.70319091504859,0.00011455409817286213,159.2020160366552,53.86264150810958,0.0,9.898861014994234,98.0129171626478,True,True,True
Crow_education_Marlin,Education,7561.4,15982,0.08903328773369812,9589,3196,3197,213.62735902890753,125.33458068492816,0.0,271.0400766343447,107.29487503805885,0.0,9.88295776867318,77.69908383027004,True,True,True
Bobcat_education_Dylan,Education,17358.0,15024,0.14363885088919293,9014,3005,3005,134.9065488684771,38.38711754349176,0.001996805111821086,133.61983074875207,34.83586519559447,0.0,9.847537470647433,72.87397617199363,True,True,True
Bull_education_Clarita,Education,18546.0,17097,0.02547879616963067,10258,3419,3420,332.3230391296719,67.24350266264685,0.026027958121307832,330.28479532163743,87.3843807710273,0.05350877192982456,9.82979976442874,73.86758029517227,True,True,True
Panther_education_Teofila,Education,8723.3,17533,0.0006269949840401745,10519,3507,3507,126.32954058061941,71.78095731576411,0.1926082244909599,161.66485794126032,39.32832872298812,0.0,9.823569595176574,63.80100223450704,True,True,True
Crow_education_Keisha,Education,14173.2,16271,0.07256041951664383,9762,3254,3255,295.80206379448094,51.56593293892255,0.0,298.22089093702,48.90015472291601,0.0,9.762844320643763,115.66871723122239,True,True,True
Panther_education_Enriqueta,Education,7084.5,17495,0.0027929776561786968,10497,3499,3499,78.26547513575306,48.09395613229239,0.19034009717062017,99.88954732780793,34.63915000614953,0.0,9.758706273381295,50.24305778111159,True,True,True
Peacock_education_Joshua,Education,7054.0,17451,0.005300957592339284,10470,3490,3491,464.76919422382673,36.05582906809972,0.0,465.86997149813806,31.56638030983543,0.0,9.72765128353043,49.2413484156379,True,True,True
Fox_education_Leota,Education,12311.3,17530,0.0007979936160510404,10518,3506,3506,216.18017341699942,51.090589848755066,0.0,206.3473559612094,46.34927463889945,0.0,9.723248133256746,103.36675786593705,True,True,True
Fox_education_Otilia,Education,30403.1,17444,0.005699954400364748,10466,3489,3489,933.1099678972712,52.599156350384426,0.0,950.401086271138,47.97712131616389,0.0,9.688109668109666,103.03143357428439,True,True,True
Cockatoo_education_Gussie,Education,2800.4,16111,0.08168034655722756,9666,3222,3223,301.28455455899694,34.66247379542384,0.0,307.7709535836177,34.15697805429732,0.0,9.651883401062832,64.49453857942433,True,True,True
Bull_education_Tracey,Education,24014.6,17508,0.0020519835841312783,10504,3502,3502,185.9615033127713,56.88616189745442,0.01582133881654101,168.50599657338662,56.54156366837668,0.023129640205596803,9.62075905692927,96.55962386868805,True,True,True
Rat_education_Rogelio,Education,5834.3,17342,0.011513907888736852,10405,3468,3469,126.19123111521164,44.908480492151206,5.766347595433053e-05,125.90299221677716,39.262729884122024,0.0,9.607137880986937,80.76556016597509,True,True,True
Bear_education_Lila,Education,11483.9,17192,0.02006383948928414,10315,3438,3439,214.9488590332713,42.749949228628836,0.0,208.10526219831345,43.40967910486962,0.0,9.588852122986824,95.88178221614223,True,True,True
Panther_education_Ivan,Education,5751.1,17506,0.0021659826721386333,10503,3501,3502,106.11831522906432,57.09385776321203,0.19290528961498915,129.84847392918334,26.598554406311948,0.0,9.535318315123636,52.67538793215917,True,True,True
Fox_education_Lilly,Education,12236.3,17428,0.006611947104423144,10456,3486,3486,187.04494606380536,36.74425295398283,0.0,184.46905335628227,43.65620749123222,0.0,9.506444251877529,58.281994801498826,True,True,True
Bull_education_Carl,Education,25622.0,17185,0.020462836297309606,10311,3437,3437,628.4438172825138,51.09196669293529,0.0,646.9773057899331,46.088889050138135,0.0,9.347201875183123,90.92593370681607,True,True,True
Rat_education_Alfred,Education,19230.9,17145,0.022742818057455594,10287,3429,3429,359.9929133858268,166.45385709324262,0.00046660834062408864,170.84339749198017,62.3339529168547,0.0008748906386701663,9.287019089574155,138.21726106242562,True,True,True
Fox_education_Claude,Education,17957.6,17412,0.007523939808481539,10447,3482,3483,972.8712537330576,32.285104166670735,0.0,989.4734969853574,37.09105530265297,0.0,9.27574732581671,52.47423975278605,True,True,True
Fox_education_Shaun,Education,6616.9,17193,0.020006839945280408,10315,3439,3439,68.68369685337056,43.242507993327095,0.13319374163903913,86.98041581855189,40.77114900075696,0.0011631288165164292,9.098992679355783,32.52963734099256,True,True,True
Panther_education_Diann,Education,2200.4,17532,0.0006839945280437965,10519,3506,3507,72.34494148414328,50.64906843471456,0.19273328770248688,73.59287322497862,37.28352080995827,0.00028514399771884804,9.095094430089004,30.684718057455527,True,True,True
Bear_education_Bob,Education,28360.3,17542,0.0001139990880072439,10525,3508,3509,128.5693519724091,49.562015362288776,0.0,138.4375979766315,51.60908063743734,0.0,9.082327403156384,87.70646155950753,True,True,True
Bear_education_Lashanda,Education,10945.3,17288,0.01459188326493388,10372,3458,3458,73.12178447478018,34.459449915716746,0.0,79.08455396182765,32.23423195566279,0.0,9.03935853232382,68.95544043062482,True,True,True
Robin_education_Megan,Education,7579.0,17501,0.002450980392156854,10500,3500,3501,250.96202003314096,47.62405793303231,0.0,263.56998300485577,38.573261940063766,0.0,9.025037446074203,75.01166707762866,True,True,True
Rat_education_Nydia,Education,7785.3,17354,0.010829913360693166,10412,3471,3471,151.75510372248473,50.09828937186201,0.00023049441051054513,163.76612791702678,34.75755819658338,0.0,8.93037713954163,48.12219396312925,True,True,True
Bear_education_Augusta,Education,14017.9,17476,0.003875968992248069,10485,3495,3496,115.38137163538566,58.41739206836032,0.0,120.71010832379864,57.85711844434183,0.0,8.865343922811059,101.0817309589041,True,True,True
Bear_education_Benita,Education,13142.2,17139,0.023084815321477437,10283,3428,3428,521.5384076317172,59.08386265447462,0.0,564.4911804259043,56.3777683539209,0.0,8.815659665099883,78.84747199532865,True,True,True
Rat_education_Paula,Education,7200.0,17348,0.011171910624715009,10408,3470,3470,124.07289716393821,35.340822812364,0.0,124.59621613832853,35.79658796475863,0.0,8.780841555426582,36.47737046863219,True,True,True
Bear_education_Babara,Education,8749.1,17345,0.011342909256725986,10407,3469,3469,372.5305292303257,38.436110753931786,0.0,370.3116675987316,37.694642721690734,0.0,8.75749320754717,53.30115682646078,True,True,True
Wolf_education_Bobby,Education,10494.0,17329,0.01225490196078427,10397,3466,3466,98.50826519129782,45.08187128033519,0.005712966703214265,104.08158756491632,48.475085395147495,0.0,8.670127106333528,73.56917630828445,True,True,True
Rat_education_Marcos,Education,8398.4,17292,0.014363885088919282,10375,3458,3459,367.1254614850798,108.55738097806663,0.0,220.2684793292859,41.044192790686594,0.0,8.640037845705967,86.26509015256585,True,True,True
Fox_education_Long,Education,12733.7,17516,0.0015959872321021917,10509,3503,3504,147.22000513815942,50.40796153835582,0.0,141.30900399543378,41.807008659627805,0.0,8.633545977011494,108.50641894428983,True,True,True
Fox_education_Janina,Education,8479.5,17451,0.005300957592339284,10470,3490,3491,126.73759096899892,36.431075531654564,0.0008595495960116899,134.19782297336008,34.754879408463204,0.0,8.580542255552352,56.33752659423713,True,True,True
Hog_education_Cathleen,Education,14440.7,17544,0.0,10526,3509,3509,382.7063953488372,253.7132961132037,0.2950296397628819,557.3106298090624,62.50327415421223,0.0,8.580200860832138,43.03967168262653,True,True,True
Robin_education_Mercedes,Education,5295.0,17522,0.001253989968080238,10513,3504,3505,254.73605239127954,62.1987740550399,0.0,260.611152639087,57.81607034656394,0.0,8.57919724217179,76.13875796026818,True,True,True
Bear_education_Katy,Education,13752.6,17189,0.020234838121295007,10313,3438,3438,121.79248703822212,36.86072442830192,0.0,126.78021564863295,37.88093324203297,0.0,8.535820093731692,68.09424448016418,True,True,True
Bobcat_education_Hollis,Education,8173.2,15240,0.13132694938440492,9144,3048,3048,148.97585059711287,25.302060210509726,0.0,141.08418868110238,30.14285337934985,0.0,8.437671825396825,37.899192357010065,True,True,True
Cockatoo_education_Oliver,Education,16780.6,16114,0.08150934792521658,9668,3223,3223,168.27414980762072,28.823040130873196,0.0,161.7624314613714,29.508795449183292,0.0,8.435148984057516,49.186725233416865,True,True,True
Robin_education_Terrance,Education,7714.9,17382,0.009233926128590975,10429,3476,3477,265.86805386031523,47.60662998902482,0.0,247.22820598216853,37.61913931852121,0.0,8.366923023457863,77.19709981347748,True,True,True
Bull_education_Pamela,Education,20904.5,17347,0.011228910168718631,10408,3469,3470,176.67515997002363,41.075585165486046,0.006514094656136508,178.6685878962536,40.757301200839976,0.01095100864553314,8.363319791062102,87.51523545706371,True,True,True
Cockatoo_education_Lionel,Education,11660.0,15986,0.08880528955768352,9591,3197,3198,330.86602965094454,39.21012921794127,0.0,340.5834401500938,34.22945385200824,0.0,8.361460302457468,56.995665962786916,True,True,True
Bull_education_Dora,Education,15672.4,17505,0.0022229822161422552,10503,3501,3501,112.2410168523279,43.09683413254309,0.019251642387889175,112.74578691802343,46.07301356938843,0.03370465581262497,8.356629278113315,76.05101904863773,True,True,True
Hog_education_Odell,Education,14537.7,17166,0.021545827633378978,10299,3433,3434,529.2200579051615,50.063888460280374,0.0,526.8853383808969,50.09285190294301,0.0,8.314259824046921,63.30828882394189,True,True,True
Rat_education_Candida,Education,3576.8,17457,0.00495896032831733,10474,3491,3492,139.86798991808445,39.32488322395599,0.0,147.85584192439862,41.80680597986973,0.0,8.287929642445214,52.829580429886505,True,True,True
Fox_education_Melinda,Education,18984.6,17518,0.0014819881440948368,10510,3504,3504,408.0320339079804,66.60272155918823,0.0,367.5987928082192,38.74532478348938,0.0,8.266778735632183,70.31950536074311,True,True,True
Bear_education_Val,Education,16469.9,17536,0.00045599635202919764,10521,3507,3508,374.4448915944343,43.46630999109167,0.0,360.4701979475485,43.774304204607866,0.0,8.218575746268657,76.250628478159,True,True,True
Fox_education_Shirley,Education,8220.6,17050,0.02815777473780212,10230,3410,3410,96.76895425219942,32.41300626952714,0.0002346041055718475,97.71305278592375,33.33280300315392,0.0008797653958944282,8.213192557590078,39.87143748328012,True,True,True
Panther_education_Annetta,Education,9232.7,17529,0.0008549931600547733,10517,3506,3506,87.07290517428261,48.11171338300799,0.1926521763934052,107.08603827723901,28.370447792667356,0.0,8.1934248420448,35.224018246046626,True,True,True
Rat_education_Liz,Education,6447.5,17400,0.008207934336525335,10440,3480,3480,90.32055402298852,42.04421997481651,0.0,98.05977011494252,41.068771401515185,0.0,8.157653356481482,62.145009109376545,True,True,True
Bull_education_Kristal,Education,18853.5,17192,0.02006383948928414,10315,3438,3439,407.6314855746859,40.05887472035387,0.0,399.0078511195115,40.2757751000137,0.0,8.1095168374817,81.07042234369476,True,True,True
Bull_education_Mervin,Education,20255.1,17205,0.01932284541723661,10323,3441,3441,186.68241790177274,32.32996764593091,0.0,180.17741935483872,36.067826316138515,0.0,8.069651741293532,54.66079059829062,True,True,True
Rat_education_Kandice,Education,9643.3,17517,0.0015389876880984588,10510,3503,3504,67.18054004681167,41.57202199438274,0.00039961180567448765,55.89426940639269,44.0466241124006,0.0,8.041841954022988,36.913205479452046,True,True,True
Bull_education_Nina,Education,12131.0,17197,0.01977884176926581,10318,3439,3440,250.3370355294528,30.52663121340139,0.0,256.72252906976746,32.03656343166013,0.0,8.009660421545668,52.36880341880345,True,True,True
Bear_education_Zandra,Education,14372.7,17419,0.007124943000455963,10451,3484,3484,979.4753583385957,82.8191140386402,0.0,922.8304228185993,36.930227153461225,0.0,7.91152069364162,98.80437234432247,True,True,True
Robin_education_Madeline,Education,9335.0,17539,0.00028499772001822077,10523,3508,3508,361.6167025942186,41.24119742758017,0.0,354.72897491448117,39.80674581139043,0.0,7.9108602755453505,73.29415745554036,True,True,True
Rat_education_Carmela,Education,4457.9,17466,0.0044459644322845104,10479,3493,3494,86.2342694377648,39.77974169981353,5.725409366769724e-05,88.04616771608471,40.91073793466479,0.0,7.805112391930835,62.516599082735446,True,True,True
Fox_education_Nilda,Education,10371.2,17511,0.0018809849521204125,10506,3502,3503,136.01982468162868,36.014047301517046,0.0,136.85265486725663,35.887968289847365,0.0,7.8018654785858015,70.94628008588035,True,True,True
Bull_education_Jeffery,Education,2783.5,17183,0.02057683538531696,10309,3437,3437,513.1738637024966,136.77075389838947,0.06291101670255485,572.4358452138492,87.5729200352486,0.020657550189118416,7.7629651333138,38.56276903450464,True,True,True
Panther_education_Jerome,Education,11974.0,17184,0.020519835841313228,10310,3437,3437,400.0516648102886,188.76571169381594,0.17615223463687152,486.485122054117,45.39636232783655,0.0,7.75543844125403,146.1247974502075,True,True,True
Wolf_education_Eulalia,Education,8056.0,17447,0.005528955768353883,10468,3489,3490,69.54390468275348,43.37170540320951,0.0,68.4667464183381,43.45226027628073,0.0,7.736737593768033,81.41505620524853,True,True,True
Bull_education_Nichole,Education,19058.2,17510,0.0019379844961240345,10506,3502,3502,196.3409765848087,52.73995039037084,0.017075956596230724,194.99528840662478,50.658406787598146,0.023129640205596803,7.693214491086832,79.24960178400764,True,True,True
Bull_education_Brain,Education,21365.2,17199,0.019664842681258565,10319,3440,3440,375.032647246933,46.950826762109415,0.0,345.1327034883721,41.85694307267105,0.0,7.666569086651054,73.38609230099809,True,True,True
Bull_education_Mario,Education,8477.8,17514,0.0017099863201094356,10508,3503,3503,102.01241863651936,37.64303963048517,0.015587529976019185,101.93890950613759,43.51316628238452,0.02312303739651727,7.601034780109226,66.40218878248974,True,True,True
Hog_education_Jordan,Education,12362.8,17373,0.009746922024623794,10423,3475,3475,106.65102780176134,35.49906315178203,0.0,102.85061381294965,33.966118500789996,0.0,7.581486235873659,86.8727252977886,True,True,True
Fox_education_Tamika,Education,8339.9,17543,5.699954400362195e-05,10525,3509,3509,150.7302382716753,49.233808563547136,0.00039901955195804597,133.0605642633229,35.622414715662174,0.0008549444286121402,7.5480143472022965,75.34287277701782,True,True,True
Lamb_education_Luz,Education,14474.9,17194,0.019949840401276786,10316,3439,3439,73.35148452367105,54.05330054744295,0.0008142375247179248,79.21749258505379,51.27181196044329,0.004070950857807502,7.547008784773059,54.77028346314623,True,True,True
Rat_education_Robyn,Education,9188.1,17496,0.002735978112175075,10497,3499,3500,154.90610768175586,59.53681369317262,0.0,173.99522571428574,62.46620125961075,0.0,7.47697928653625,49.82615870088816,True,True,True
Panther_education_Mohammad,Education,10244.6,17532,0.0006839945280437965,10519,3506,3507,119.86945310860142,66.71638218810506,0.19028062970568105,150.66979059024808,36.35452109550873,0.0,7.455984094171691,48.350822571819435,True,True,True
Fox_education_Etta,Education,4497.5,17528,0.0009119927040583953,10516,3506,3506,198.63472957553626,53.54180232199528,0.00022820629849383843,191.18061038220193,58.96190164074044,0.0011409013120365088,7.440310166570936,37.38834136011843,True,True,True
Hog_education_Beth,Education,13254.7,17499,0.002564979480164209,10499,3500,3500,107.41955071718384,35.539746473682236,0.0,104.89406,36.53469048151125,0.0,7.356396144994246,69.25247299161167,True,True,True
Moose_education_Ricardo,Education,14000.0,17544,0.0,10526,3509,3509,308.8911676470588,57.75108625470346,0.0,317.6186761185523,54.29736773518302,0.0,7.345577905308465,83.746675376197,True,True,True
Robin_education_Zenia,Education,6337.0,17544,0.0,10526,3509,3509,200.96859951550388,52.754250042706175,0.0,221.70692504987178,41.10631470344325,0.0,7.3018364418938315,61.9606265389877,True,True,True
Bobcat_education_Rosalva,Education,7836.0,14385,0.1800615595075239,8631,2877,2877,79.19516674313522,28.316035521137067,0.0004171011470281543,79.69482766770942,32.34136968491753,0.0003475842891901286,7.289812723449001,49.05185924986089,True,True,True
Bull_education_Joseph,Education,15519.9,17485,0.0033629730962152493,10491,3497,3497,118.1922058907635,37.688511061071424,0.018472976837289105,119.58872748069773,39.24049255554156,0.020589076351158135,7.283086668586235,62.75379874852021,True,True,True
Panther_education_Hugh,Education,10395.0,17182,0.020633834929320582,10309,3436,3437,496.1443437667327,231.56643785882542,0.17617273891281574,615.2248516438756,38.08674792473583,0.0,7.167418839730442,120.36397455940619,True,True,True
Lamb_education_Terina,Education,14868.0,17542,0.0001139990880072439,10525,3508,3509,83.11869958385589,72.16976246949663,0.0014251510660129973,95.59970031347963,59.618372897142955,0.007124536905101168,7.137364935437589,65.29664432284542,True,True,True
Bull_education_Jae,Education,16463.9,17167,0.021488828089375245,10300,3433,3434,531.3713520125823,45.94736620113639,0.0,515.3645894001165,42.45929749214895,0.0,7.122873900293255,63.61852729918775,True,True,True
Bobcat_education_Jayne,Education,6259.5,15448,0.11947104423164612,9268,3090,3090,59.640224333247026,34.152674109549146,0.002589331952356292,62.93036569579289,33.79474326947074,0.00032362459546925567,7.115655577299414,51.01726373352291,True,True,True
Bear_education_Danna,Education,9663.4,17541,0.00017099863201097687,10524,3508,3509,102.98130734279688,43.781001890980676,0.0,105.60332194357368,49.740628472990224,0.0,7.0100456241033,55.37163789329685,True,True,True
Panther_education_Edna,Education,9896.3,17527,0.0009689922480620172,10516,3505,3506,104.53417122154391,59.38547821652317,0.19050607633936212,121.76069124358243,33.92825998299479,0.0,7.005947472716829,51.007649589041094,True,True,True
Bull_education_Genie,Education,13675.8,17423,0.0068969448244413645,10453,3485,3485,123.3446880560179,35.31982198824763,0.012225219537393101,124.71276901004305,39.2991743218051,0.017790530846484937,6.930944813637677,65.49140965740942,True,True,True
Cockatoo_education_Charity,Education,21726.6,16102,0.08219334245326038,9661,3220,3221,267.5914306856291,27.237762852178015,0.0,266.4930533995653,27.201355716692053,0.0,6.928432905849233,42.73834808011674,True,True,True
Peacock_education_Karyn,Education,12016.4,17492,0.0029639762881896736,10495,3498,3499,472.2320558312371,22.51429674770437,0.0,484.1099170334381,18.330729438777173,0.0,6.888805093525179,33.37096244164701,True,True,True
Cockatoo_education_Julio,Education,9116.1,16119,0.08122435020519836,9671,3224,3224,173.87772969787207,21.53141528917459,0.0,167.31057174317618,18.252429465377425,0.0,6.882512999999999,16.968834557740763,True,True,True
Panther_education_Zelda,Education,7519.8,17532,0.0006839945280437965,10519,3506,3507,66.73197623773672,41.40128322282832,0.19267624914442164,82.26760185343598,30.2258534057771,0.0,6.803264771748492,49.16187975376197,True,True,True
Rat_education_Zoe,Education,6447.5,17492,0.0029639762881896736,10495,3498,3499,93.63981134232792,30.444652540939305,0.0,93.00623320948843,29.055934629070528,0.0,6.641435971223021,54.08744855967079,True,True,True
Bull_education_Violeta,Education,10330.3,17162,0.021773825809393577,10297,3432,3433,126.488258944179,87.25257620713843,0.020277356951404264,98.57340518496942,38.46512866839368,0.03670259248470725,6.599295981226166,49.295152866935055,True,True,True
Hog_education_Wayne,Education,7964.8,17529,0.0008549931600547733,10517,3506,3506,165.05424938673056,39.30675645395988,0.0,154.18343667997718,35.34032766720394,0.0,6.567039632395176,65.84908531154545,True,True,True
Fox_education_Gloria,Education,14087.5,17191,0.020120839033287763,10314,3438,3439,664.032474550637,40.82065023673991,0.0,650.8316603663856,32.244112738397845,0.0,6.552090775988287,51.634867989948816,True,True,True
Hog_education_Bruno,Education,13972.0,17192,0.02006383948928414,10315,3438,3439,264.4316508259656,34.547654825813055,0.0,266.56556528060486,32.91337227362967,0.0,6.4426146412884355,65.60231726845021,True,True,True
Fox_education_Henrietta,Education,425.8,17194,0.019949840401276786,10316,3439,3439,27.835265208793764,21.422332871511106,0.0019774339886006746,53.455457981971506,22.09365465460612,0.00959581273626054,6.41499560761347,6.5465263478916285,True,True,True
Lamb_education_Domitila,Education,12924.0,17194,0.019949840401276786,10316,3439,3439,52.872940147725956,49.77756573541074,0.0008142375247179248,61.10585047979064,47.38571136345745,0.004070950857807502,6.392160058565153,54.56459695552065,True,True,True
Cockatoo_education_Erik,Education,13051.8,16082,0.08333333333333337,9649,3216,3217,166.4849925382415,27.934951573843655,0.0,168.96890736711222,24.759637623703753,0.0,6.361843595364861,41.4910583771192,True,True,True
Rat_education_Ulrike,Education,4318.5,17503,0.00233698130414961,10501,3501,3501,103.853962749243,31.586675260108155,0.0007998628806490316,101.09372179377321,32.70123695129625,0.0,6.336284153005464,47.36454334141345,True,True,True
Eagle_education_Will,Education,5782.5,17461,0.004730962152302731,10476,3492,3493,112.6017052287956,11.480618133478343,0.0,110.58309476095047,11.12723567406771,0.0,6.324733352551167,14.973764254435551,True,True,True
Bear_education_Pattie,Education,8032.9,17501,0.002450980392156854,10500,3500,3501,172.789064282041,34.003280320549116,0.0,209.5414840331334,27.98263880463245,0.0,6.320943974690826,38.32481429017042,True,True,True
Eagle_education_Teresa,Education,5628.2,17423,0.0068969448244413645,10453,3485,3485,101.84344337370143,17.059300879440634,0.0,99.0561313342898,18.352685164022216,0.0,6.1679707310026,34.499428818099915,True,True,True
Rat_education_Leonardo,Education,4385.0,16927,0.03516871865025084,10156,3385,3386,48.31270928103031,28.200612553196727,0.0003544632835115496,64.82578558771411,37.704312075315094,0.0005906674542232723,6.155782272456871,29.984980774702272,True,True,True
Wolf_education_Vivian,Education,8770.0,17543,5.699954400362195e-05,10525,3509,3509,71.32298509376959,36.14994234101525,0.00011400558627372742,71.82724707893986,35.18462832944099,0.0,6.154670731707317,58.181863885088916,True,True,True
Rat_education_Milagros,Education,9262.4,17085,0.026162790697674465,10251,3417,3417,110.31659174714662,47.610081859518246,0.0002341235001463272,110.6462335381914,46.52787162984953,0.0,6.153227232537578,54.53001404494381,True,True,True
Eagle_education_Jewell,Education,16845.9,16207,0.0762083903328773,9724,3241,3242,241.34542373048683,38.663923202371365,0.009995680878632689,251.10109916718076,32.86564040780973,0.0,6.1214629583592295,42.944559750449514,True,True,True
Fox_education_Melvin,Education,2289.4,17542,0.0001139990880072439,10525,3508,3509,60.5980270208642,28.2841651776333,0.00552958613613043,55.71951838130521,29.93825816846878,0.025648332858364205,6.119896700143472,41.391915184678524,True,True,True
Bull_education_Olive,Education,5370.8,17509,0.0019949840401276564,10505,3502,3502,66.1959849220401,27.391579561257533,0.01753383973956251,79.9427470017133,32.565559105525374,0.023129640205596803,6.109833237492812,40.66210670314637,True,True,True
Cockatoo_education_Jon,Education,10589.8,15956,0.09051527587779296,9573,3191,3192,111.13517955627975,39.16346455300455,0.0,99.4879594924812,33.004745818131916,0.0,6.07243529040404,41.79434759188629,True,True,True
Robin_education_Audrea,Education,2584.0,17459,0.004844961240310086,10475,3492,3492,287.7910266681941,48.83963569596473,0.0,245.95188035509736,55.62525268058452,0.0,6.069441349480969,31.44256244841813,True,True,True
Robin_education_Lashandra,Education,9061.0,17194,0.019949840401276786,10316,3439,3439,159.89282748051647,138.34620419177222,0.0,92.13878999709218,26.225951652837477,0.0,6.0675071742313325,40.13045739841559,True,True,True
Rat_education_Mona,Education,4923.9,17442,0.005813953488372103,10465,3488,3489,77.86943699117073,29.770551992286347,0.0,76.00172255660648,28.17086008059656,0.0,6.0365252525252515,59.0042189549134,True,True,True
Bear_education_Derek,Education,6331.0,17315,0.013052895576835422,10389,3463,3463,186.0481127115218,20.20820268386222,0.0,189.31947250938495,22.05133515709843,0.0,6.024898051759233,39.15276422750793,True,True,True
Fox_education_Wendell,Education,20402.2,17461,0.004730962152302731,10476,3492,3493,532.9039367733806,35.19507290053024,0.0,528.8362296020613,35.67223554276266,0.0,6.014214471029114,64.20420519660149,True,True,True
Rat_education_Wilmer,Education,6150.2,17442,0.005813953488372103,10465,3488,3489,102.30976722852884,35.15611344273593,0.0,95.56908283175696,32.93648121376857,0.0,5.996164502164502,47.35592733481951,True,True,True
Bobcat_education_Angela,Education,8802.7,16430,0.06349749202006383,9858,3286,3286,85.02691419354838,23.627773247784404,0.0,90.08522830188677,20.85288077815322,0.0,5.970188258736971,34.35509660956353,True,True,True
Rat_education_Keith,Education,9420.4,17515,0.0016529867761058137,10509,3503,3503,104.94115729374822,30.216808506616477,0.0,103.58634884384813,31.391709860397558,0.0,5.958853118712273,41.621602739726015,True,True,True
Bull_education_Matilda,Education,10069.9,17510,0.0019379844961240345,10506,3502,3502,85.60859508852084,38.27619333713123,0.08732153055396916,90.59737292975443,30.89815021951489,0.023129640205596803,5.9473835537665325,32.52269924854299,True,True,True
Robin_education_Kiera,Education,4703.0,17544,0.0,10526,3509,3509,77.96341674076608,29.88862832812294,0.0,79.6954635508692,33.957621938831025,0.0,5.922987862266857,53.179405882352945,True,True,True
Bull_education_Magaret,Education,7954.6,17507,0.0021089831281350113,10504,3501,3502,70.42811446849832,30.0880856645625,0.017307362769178044,73.5549685893775,32.03805235274111,0.023129640205596803,5.913743530764807,48.87703464947623,True,True,True
Cockatoo_education_Shawn,Education,4453.2,16119,0.08122435020519836,9671,3224,3224,121.02422348160556,28.757732653284368,0.0,128.50516181761785,24.29176188270588,0.0,5.90095575,49.52510909201631,True,True,True
Rat_education_Lonnie,Education,4645.2,17216,0.018695850433196548,10329,3443,3444,58.91460037174721,30.95960973168213,0.00011617100371747211,59.63007839721255,33.29324368997948,0.0,5.866049707602339,43.61824024705901,True,True,True
Rat_education_Yu,Education,2034.9,17129,0.023654810761513878,10277,3426,3426,79.93245840387647,27.123700327730717,0.012610193239535291,88.74182136602452,24.065840396169996,0.0,5.862592592592593,35.178725490196065,True,True,True
Rat_education_Kelsey,Education,9227.6,17510,0.0019379844961240345,10506,3502,3502,157.87593546544832,41.96914586542312,0.0,159.28119645916618,46.27726423299661,0.0,5.828277745830937,48.49380543811185,True,True,True
Peacock_education_Pasquale,Education,3343.6,17506,0.0021659826721386333,10503,3501,3502,186.16659829201416,13.102353304804,0.0,185.21342461450598,12.46514284912749,0.0,5.818070644048304,19.67085922055449,True,True,True
Bear_education_Mara,Education,11903.3,17144,0.022799817601459216,10286,3429,3429,506.51403842743815,37.96283194197245,0.0,497.0676516185476,31.19336083521124,0.0,5.81251911894273,61.27712683034116,True,True,True
Panther_education_Karri,Education,5076.6,16867,0.03858869129046971,10120,3373,3374,317.5237746546511,157.75142282982756,0.17602418924527183,383.8154310017783,39.49523024931102,0.0,5.769424955223881,93.26371607184814,True,True,True
Rat_education_Esther,Education,6466.0,17468,0.0043319653442772665,10480,3494,3494,94.72215937714678,30.898668597876213,5.72475383558507e-05,92.4935603892387,31.808117849178966,0.0,5.742544668587896,38.29228021978021,True,True,True
Bull_education_Roseann,Education,10241.2,17159,0.021944824441404442,10295,3432,3432,250.4690541406842,27.224478264628054,0.002622530450492453,248.85358391608392,30.26499934397395,0.0034965034965034965,5.732100938967136,42.082138367250735,True,True,True
Rat_education_Earl,Education,7051.3,17444,0.005699954400364748,10466,3489,3489,158.93305491859664,57.69674075516593,0.00028663150653519836,174.32297219833762,53.102839784174265,0.0,5.722277056277057,52.34540577716646,True,True,True
Rat_education_Salvatore,Education,4551.7,17492,0.0029639762881896736,10495,3498,3499,78.40169563228905,35.98797320044426,0.0,95.19346956273222,32.79669809724139,0.0,5.70911654676259,34.017873799725656,True,True,True
Rat_education_Lynn,Education,7785.3,17492,0.0029639762881896736,10495,3498,3499,106.40094271667049,34.726492422078756,0.0,100.53481851957703,28.291891539483494,0.0,5.606279136690647,36.68234567901236,True,True,True
Rat_education_Dana,Education,6577.5,17515,0.0016529867761058137,10509,3503,3503,97.67509563231518,35.553895228613065,0.0,93.5732743362832,35.01365519334001,0.0,5.591687266455878,35.6465205479452,True,True,True
Rat_education_Marianna,Education,5936.5,17217,0.018638850889192926,10330,3443,3444,78.62892315734447,30.99815080215283,0.0,76.23466027874565,33.63325770482683,0.0,5.463570175438597,43.665887099634666,True,True,True
Lamb_education_Mae,Education,11247.0,17194,0.019949840401276786,10316,3439,3439,48.70186600558334,41.59018233434766,0.0,44.43890331491713,36.073583950399495,0.0,5.462431713030747,38.76548228123968,True,True,True
Bear_education_Chun,Education,4292.5,17122,0.024053807569539454,10273,3424,3425,98.79856896974653,25.727238404383073,0.0,107.39468493430658,38.47926984541166,0.0,5.462184475154366,36.66915765876074,True,True,True
Bull_education_Brenda,Education,14652.9,17207,0.019208846329229368,10324,3441,3442,146.7262765967339,27.614977881938163,0.0,143.92112074375362,27.68700508773613,0.0,5.449005617320071,44.84857933006536,True,True,True
Lamb_education_Antonio,Education,9516.0,17194,0.019949840401276786,10316,3439,3439,36.51084214842387,34.4770864505758,0.0008723973479120623,42.12044175632452,33.33798681546249,0.004361733061936609,5.345721932650073,36.76606484940592,True,True,True
Cockatoo_education_Arlen,Education,3745.0,16102,0.08219334245326038,9661,3220,3221,83.9981565457707,21.810679335067057,6.210408644888833e-05,66.84465228190003,23.775571436066304,0.0003104625892579944,5.329209634031906,33.95385412727717,True,True,True
Rat_education_Terese,Education,16722.5,17475,0.003932968536251691,10485,3495,3495,116.13254992846925,36.39665139982225,0.0,118.88439771101572,34.62031090040058,0.0,5.315226159608183,44.66589355478,True,True,True
Bull_education_Reina,Education,9434.8,17428,0.006611947104423144,10456,3486,3486,79.0457023181088,21.329017916556953,0.012852880422308928,83.80794606999426,28.851374292962483,0.018646012621916237,5.270363951473137,31.17575107906844,True,True,True
Fox_education_Ollie,Education,6698.5,17526,0.0010259917920656392,10515,3505,3506,108.00642816387082,21.81001348072459,0.0,113.34727039361096,23.17582825818406,0.0,5.239968408960367,38.41274778404512,True,True,True
Lamb_education_Armando,Education,11200.9,17194,0.019949840401276786,10316,3439,3439,38.08883043503548,38.09736497345887,0.0,43.14415929049142,37.55176210445843,0.0,5.2277190043923865,42.066304429898736,True,True,True
Fox_education_John,Education,4587.9,17339,0.011684906520747829,10403,3468,3468,56.375094296095504,24.465909021216287,0.008766364842263107,59.045397923875434,28.41360783384916,0.04382929642445214,5.223887921022067,46.047223642013385,True,True,True
Fox_education_Dewayne,Education,8892.4,17532,0.0006839945280437965,10519,3506,3507,77.50278462240473,30.53051640369465,0.00034223134839151266,70.86618477331052,27.619903061980473,0.0,5.213370657479184,53.08629402258678,True,True,True
Bull_education_Bernice,Education,14481.9,17173,0.021146830825353402,10303,3435,3435,298.0970733127585,70.99339545889636,0.04827345251266523,246.60296943231444,123.64727998558877,0.1967976710334789,5.213345060099678,41.502932630207226,True,True,True
Cockatoo_education_Mayra,Education,11546.8,16104,0.08207934336525313,9662,3221,3221,60.25960371957278,32.284732614387245,0.12928464977645304,70.00571769636758,23.36050329794656,0.0,5.185611510791366,27.02494791666667,True,True,True
Rat_education_Sherwood,Education,8835.1,17444,0.005699954400364748,10466,3489,3489,102.61333925705112,37.095364568517695,0.0,103.19263112639726,35.987014139228,0.0,5.164092352092353,41.6020220082531,True,True,True
Panther_education_Genevieve,Education,12159.6,16814,0.04160966712266301,10088,3363,3363,215.57682790531697,105.02484970179479,0.1805043416200785,271.68005188819507,36.31203549815227,0.0,5.154183587900569,96.32974454528642,True,True,True
Bobcat_education_Alissa,Education,11254.8,17506,0.0021659826721386333,10503,3501,3502,56.88539213412543,25.169754024013788,0.057637381469210554,59.76814320388349,20.375623687208677,0.0,5.118100517538816,34.454804109589034,True,True,True
Lamb_education_Darrel,Education,11954.9,17194,0.019949840401276786,10316,3439,3439,39.05853814702804,38.62840063649583,0.0008723973479120623,48.06785955219541,35.52828820877665,0.004361733061936609,5.104251713030747,42.06501674568521,True,True,True
Robin_education_Kristopher,Education,5686.0,17299,0.013964888280893706,10379,3460,3460,125.54703875368519,26.222072375602043,0.0,131.8654460982659,25.291815540540075,0.0,5.0381164144353905,34.491405009562456,True,True,True
Bull_education_Hayley,Education,17997.4,17200,0.019607843137254943,10320,3440,3440,169.38831395348836,26.699462096211125,0.0,172.6734011627907,20.92682653114537,0.0,5.037470725995316,51.62066778840074,True,True,True
Eagle_education_Petra,Education,2320.6,17194,0.019949840401276786,10316,3439,3439,66.49273002210073,7.690587958409,0.0,70.77638848502471,7.482052631879321,0.0,4.9692532942898975,10.140662358769198,True,True,True
Fox_education_Jacqueline,Education,11797.3,17193,0.020006839945280408,10315,3439,3439,55.402469028092824,82.34838934569697,0.36369452684231957,37.727877289909856,60.99637252930938,0.42337888921198025,4.952717423133236,68.13044318761868,True,True,True
Bull_education_Dakota,Education,3585.9,17513,0.0017669858641130576,10507,3503,3503,54.553760063952495,23.910542029630633,0.015645520470507622,55.31201827005424,26.06890430442222,0.022837567799029405,4.924403564242598,45.66228460830186,True,True,True
Rat_education_Cedric,Education,6169.1,17516,0.0015959872321021917,10509,3503,3504,93.18801952500571,25.819006691187802,0.0,88.13178082191781,27.627673793037985,0.0,4.9190517241379315,36.65127397260275,True,True,True
Rat_education_Guillermo,Education,7404.4,17464,0.004559963520291865,10478,3493,3493,108.83749312872195,24.103435975548575,5.7260650480989464e-05,113.42249928428286,26.592158266516673,0.0,4.915024502738541,22.570892857142866,True,True,True
Lamb_education_Philomena,Education,12732.0,17194,0.019949840401276786,10316,3439,3439,35.68532273467489,33.23739362078491,0.0015121554030475748,46.74759264321024,32.01710166390224,0.004070950857807502,4.9031095754026355,27.002258161861675,True,True,True
Fox_education_Dominique,Education,8930.2,17445,0.0056429548563611265,10467,3489,3489,184.42893723129833,22.32620313642137,0.0,184.89866437374604,22.48344106555892,0.0,4.895650793650794,47.28408373023433,True,True,True
Fox_education_Carleen,Education,6635.2,17543,5.699954400362195e-05,10525,3509,3509,105.60485492789148,38.134261744000625,0.0006840335176423644,108.0535594186378,40.91779552338851,0.0,4.8872740315638445,43.68209302325582,True,True,True
Cockatoo_education_Maynard,Education,443.4,16101,0.082250341997264,9660,3220,3221,20.883433215328242,8.617443359827039,0.0,22.179814778019246,8.07600243759374,0.0,4.8667396309039725,5.630245614424165,True,True,True
Fox_education_Marlana,Education,5997.8,17407,0.00780893752849976,10444,3481,3482,178.2270351008215,20.506422102627138,0.0,186.00884549109708,18.8380987219374,0.0,4.837836899942163,26.791316644597657,True,True,True
Lamb_education_Junior,Education,11285.0,17194,0.019949840401276786,10316,3439,3439,41.66503436082355,38.79588244817241,0.0018611143422123998,46.004715382378606,37.4697178181756,0.004361733061936609,4.816663367496339,37.61531299589604,True,True,True
Robin_education_Jasper,Education,3462.0,17194,0.019949840401276786,10316,3439,3439,166.98017331045713,23.483565056538975,0.0,165.40820005815647,23.823467680357897,0.0,4.784802342606149,45.91342880811848,True,True,True
Bull_education_Lydia,Education,11712.9,17482,0.003533971728226226,10489,3496,3497,99.41282461960874,31.93465689839821,0.046333371467795446,123.04203603088361,28.104918125643863,0.023162710895052903,4.779441405125252,29.477578302830366,True,True,True
Fox_education_Gayla,Education,7271.3,17541,0.00017099863201097687,10524,3508,3509,57.534006042985006,27.844095565971813,0.06960834616042415,60.53249358791679,25.77497207874428,0.0005699629524080935,4.760307030129125,38.73105335157319,True,True,True
Bear_education_Marta,Education,4455.1,17507,0.0021089831281350113,10504,3501,3502,41.89695243045639,22.962612050729692,5.712000913920146e-05,42.83468794974301,22.79689003656591,0.00028555111364934324,4.726574065554916,48.962847618199866,True,True,True
Bull_education_Miranda,Education,10008.4,17164,0.02165982672138622,10298,3433,3433,166.91039384758798,22.613189470258373,0.0,158.93125546169532,20.558923128713214,0.0,4.724259313581696,35.433563369481874,True,True,True
Panther_education_Gina,Education,10833.1,17532,0.0006839945280437965,10519,3506,3507,337.34773713780515,173.72688640849194,0.19119324663472506,335.990244083262,24.461944835628,0.0,4.7132842951478615,38.84689466484264,True,True,True
Rat_education_Dann,Education,16954.8,17492,0.0029639762881896736,10495,3498,3499,195.01841527555456,51.65837854502136,0.0,200.9479651328951,57.854508348462204,0.0,4.696158273381294,31.126872427983557,True,True,True
Cockatoo_education_Nelda,Education,6930.5,16107,0.08190834473324216,9664,3221,3222,122.38453258831564,18.848863402059994,0.0,107.4912657666046,12.780629778469198,0.0,4.656397248280175,24.32239048942475,True,True,True
Fox_education_Tonya,Education,8444.9,17486,0.0033059735522116274,10491,3497,3498,170.0120256204964,17.783975207699374,0.0,182.9609691252144,16.957137083252718,0.0,4.6547898675877954,23.256566022135786,True,True,True
Hog_education_George,Education,6719.9,17503,0.00233698130414961,10501,3501,3501,215.01219307547277,29.635092369143056,0.0,220.27469465866895,26.19371669557558,0.0,4.622080529191832,45.485383813443065,True,True,True
Rat_education_Adrian,Education,5956.3,17444,0.005699954400364748,10466,3489,3489,77.76560593900481,37.55852294224041,0.0,78.11327314416737,35.119072206177755,0.0,4.62195670995671,39.02924346629987,True,True,True
Rat_education_Winnie,Education,5499.9,17369,0.009974920200638393,10421,3474,3474,54.6555305429213,25.582832703033652,5.7573838447809316e-05,72.57216177317214,25.377179805554515,0.0002878526194588371,4.603098550724638,27.82638296336264,True,True,True
Cockatoo_education_Doreen,Education,8477.7,16119,0.08122435020519836,9671,3224,3224,89.39289503070911,16.926233592124547,0.0,93.82524556451612,17.236707443353005,0.0,4.5813385625,28.624945026717114,True,True,True
Rat_education_Morton,Education,14409.3,17492,0.0029639762881896736,10495,3498,3499,150.5301829407729,59.61452656642699,0.0,139.89534724206914,40.507402425110016,0.0,4.560874820143885,42.468614540466376,True,True,True
Rat_education_Deanna,Education,6215.2,17492,0.0029639762881896736,10495,3498,3499,88.3179127601189,26.008259189137004,0.0,86.11211488996855,27.848326170886743,0.0,4.551663309352517,26.08866142876282,True,True,True
Wolf_education_Tammie,Education,7836.0,17192,0.02006383948928414,10315,3438,3439,83.31170718939042,22.022138478252593,0.0,82.95161093341086,23.22955198384474,0.0,4.519162518301611,47.38825046699877,True,True,True
Bear_education_Iris,Education,5456.5,17542,0.0001139990880072439,10525,3508,3509,45.50789976057462,20.195315873019826,0.0,46.28352980906241,18.980444986256288,0.0,4.460581291248206,37.512498084815334,True,True,True
Hog_education_Madge,Education,6786.0,17543,5.699954400362195e-05,10525,3509,3509,89.8004760303255,24.93202500875424,0.0,94.82173439726418,20.72273570504867,0.0,4.424891822094692,44.40780437756497,True,True,True
Robin_education_Cecilia,Education,1439.0,17515,0.0016529867761058137,10509,3503,3503,52.19651622609192,15.451408381997766,0.0,57.92777679132172,19.899131447257098,0.0,4.400291405576315,25.57397058785792,True,True,True
Robin_education_Takako,Education,1561.0,17194,0.019949840401276786,10316,3439,3439,162.49315752588114,58.55659023080399,0.0,95.14309825530677,82.23863365573224,0.0,4.391651361639825,52.448105753044445,True,True,True
Lamb_education_Mckenzie,Education,11710.0,17194,0.019949840401276786,10316,3439,3439,35.95858880423403,33.691584634778664,0.0008723973479120623,41.00980907240477,31.140442622181876,0.004361733061936609,4.373012240117131,37.06645403807602,True,True,True
Rat_education_Verna,Education,6187.3,17337,0.011798905608755184,10402,3467,3468,82.41822922074176,27.181159224701684,0.0,83.77573817762399,28.14008408272603,0.0,4.355566202090592,31.924623706463763,True,True,True
Cockatoo_education_Deloris,Education,3079.5,16049,0.08521431828545367,9629,3210,3210,75.79906068290859,8.478644458760881,0.0,74.50525959501557,7.80958304198025,0.0,4.318011111111111,12.148298652384568,True,True,True
Rat_education_Marvin,Education,5518.4,17444,0.005699954400364748,10466,3489,3489,53.73359321256593,28.742222382148604,0.0009745471222196744,57.1322098022356,31.045902501876803,0.0,4.284329004329004,41.165213204951854,True,True,True
Rat_education_Rosalyn,Education,6038.7,17491,0.0030209758321932956,10494,3498,3499,71.55384826482191,21.45861853662772,0.0,62.5416490425836,19.349670873154583,0.0,4.273764028776978,26.97673525377229,True,True,True
Rat_education_Debra,Education,4784.5,17437,0.006098951208390324,10462,3487,3488,105.44815335206745,36.430965972278784,0.0,101.41174885321101,30.83502325901787,0.0,4.252540415704388,37.07521542699725,True,True,True
Bull_education_Dan,Education,11941.4,17168,0.021431828545371623,10300,3434,3434,176.6780055917987,23.921620829004073,0.0,180.7023878858474,23.401996044691426,0.0,4.23049853372434,40.22440392706875,True,True,True
Bear_education_Marsha,Education,10304.7,17501,0.002450980392156854,10500,3500,3501,88.02116195074568,23.926877969074823,0.0,87.83871185375608,21.871697848511126,0.0,4.225278573482887,40.193784570224295,True,True,True
Rat_education_Meghan,Education,4561.5,17512,0.0018239854081167906,10507,3502,3503,53.59232640475103,25.405190405593146,5.710370031978072e-05,54.92091350271196,26.689650203738942,0.0,4.189614831848233,28.535476295168834,True,True,True
Robin_education_Karyl,Education,2992.0,17544,0.0,10526,3509,3509,62.12904809621522,46.79212443178761,0.0,91.55033305785125,21.18669139459444,0.0,4.16931512195122,26.39777017783858,True,True,True
Rat_education_Jame,Education,3511.7,17425,0.006782945736434121,10455,3485,3485,64.6337681492109,16.722464893484467,0.0,64.03148923959827,14.580570820224132,0.0,4.147549841086391,19.33133867521368,True,True,True
Panther_education_Shelton,Education,5649.3,17182,0.020633834929320582,10309,3436,3437,100.54560820044232,50.36298520176112,0.17628913979746247,121.40911379109689,23.947089792086288,0.0,4.14351822443598,45.08427899233807,True,True,True
Fox_education_Louie,Education,16645.2,17534,0.0005699954400364415,10520,3507,3507,77.65260636477701,16.19978066818617,0.0,83.39563159395495,16.72411231167847,0.0,4.11968992248062,26.173699885688592,True,True,True
Crow_education_Kate,Education,6320.2,15420,0.12106703146374831,9252,3084,3084,74.30949435797665,19.541853533769817,0.0,81.70162516212712,20.20033126255494,0.0,4.102651633986929,40.17978038938205,True,True,True
Lamb_education_Robin,Education,8794.0,17194,0.019949840401276786,10316,3439,3439,35.73542258345935,32.56494760894607,0.0009305571711061999,36.64161328874673,29.06036288322583,0.004652515266065717,4.095785710102489,33.55210736877611,True,True,True
Bull_education_Myra,Education,5527.5,17512,0.0018239854081167906,10507,3502,3503,47.290686386477844,18.273745965885634,0.016046139789858384,48.01955466742792,20.651934556926072,0.022837567799029405,4.082494969818914,32.15457901542267,True,True,True
Cockatoo_education_June,Education,9811.7,16099,0.08236434108527135,9659,3220,3220,104.23604831355985,16.381970187268042,0.0,101.95827124223602,15.948511493526736,0.0,4.064072277847308,33.14951481415575,True,True,True
Cockatoo_education_Amira,Education,2641.4,15593,0.11120611035111716,9355,3119,3119,46.32250957480921,12.811606425119196,0.0,46.14838089131131,11.097308005401405,0.0,4.063187915993537,6.939082025735736,True,True,True
Peacock_education_Forest,Education,7178.0,17502,0.002393980848153232,10501,3500,3501,88.5192361044452,18.21506798891557,0.0,88.61428237646386,16.642534272785515,0.0,4.0167532355478865,42.17805088589493,True,True,True
Rat_education_Nona,Education,25204.6,17456,0.005015959872321063,10473,3491,3492,98.22921975252062,57.91492974988259,0.00011457378551787351,120.6223596792669,49.66266866896194,0.0,3.9975836216839675,27.30741191955677,True,True,True
Panther_education_Violet,Education,730.9,17182,0.020633834929320582,10309,3436,3437,124.17602879175884,60.27688283294238,0.16930508671865907,141.70252612743673,19.462094939713428,0.0,3.983094843246411,39.72670117829456,True,True,True
Bull_education_Annette,Education,6484.5,17520,0.001367989056087593,10512,3504,3504,104.73764269406392,67.7762006510711,0.2103310502283105,162.136700913242,31.443276826838154,0.027682648401826482,3.9316091954022987,16.414500683994532,True,True,True
Rat_education_Irma,Education,6763.3,17481,0.003590971272229848,10488,3496,3497,74.38448372518735,27.197880913423127,5.720496539099594e-05,74.79400343151272,25.243212024575815,0.0,3.924840195796142,34.413200353705406,True,True,True
Lamb_education_Sara,Education,8711.0,17194,0.019949840401276786,10316,3439,3439,28.43686694777248,33.46597347371983,0.0,25.289378685664435,28.05398007183122,0.0,3.921129077598829,34.918014033969776,True,True,True
Bull_education_Gregory,Education,17333.1,17509,0.0019949840401276564,10505,3502,3502,71.5470043977383,23.405829334663096,0.017305385801587754,68.73486579097658,23.882470129053665,0.023129640205596803,3.9036802760207014,34.78239954300145,True,True,True
Rat_education_Tim,Education,4412.9,17466,0.0044459644322845104,10479,3493,3494,61.92854059315242,24.30100998398678,0.0005725409366769724,62.92000286204923,23.364071062819892,0.0,3.9021210374639765,19.732280023300824,True,True,True
Rat_education_Maricela,Education,6466.0,17057,0.027758777929776546,10234,3411,3412,143.92225244767545,57.897830500040484,0.0008207773934455063,144.04968933177022,46.82797780615185,0.0,3.9001416765053136,35.16879043600562,True,True,True
Fox_education_Burton,Education,7028.1,17535,0.0005129958960328196,10521,3507,3507,47.7452877102937,12.35756302001958,0.0002281151981750784,45.86244083262047,11.567641170224702,0.00028514399771884804,3.899721504450187,19.76106435170437,True,True,True
Wolf_education_Cody,Education,2639.0,17190,0.020177838577291385,10314,3438,3438,22.805122164048864,20.33544712174104,0.0008144269924374636,21.816892815590457,21.373982528973205,0.0,3.8329144698301114,26.191934378008757,True,True,True
Robin_education_Billi,Education,3560.0,17194,0.019949840401276786,10316,3439,3439,38.459854414330586,22.211718618074343,0.0,37.17616443733643,21.395122560350583,0.0,3.8277499267935577,43.615972336766596,True,True,True
Fox_education_Kim,Education,5782.1,17543,5.699954400362195e-05,10525,3509,3509,57.496641395428384,19.570227173906755,0.0002850139656843185,55.76621544599602,18.53016717126479,0.0008549444286121402,3.820140602582496,37.392941176470586,True,True,True
Wolf_education_Dolores,Education,6117.0,17193,0.020006839945280408,10315,3439,3439,34.55954036526493,18.910567909885774,0.00017448961786773688,35.6178453038674,19.735094705821577,0.0002907822041291073,3.8104502196193266,34.23183263210072,True,True,True
Rat_education_Elisa,Education,3994.8,17382,0.009233926128590975,10429,3476,3477,38.82824933839604,21.73085440399887,0.0,40.88311187805579,23.577544879140653,0.0,3.8067796119316535,27.49962308706368,True,True,True
Moose_education_Lori,Education,14000.0,17453,0.005186958504331929,10471,3491,3491,200.5501337134017,37.221203453751976,0.0,205.98948155256372,30.03607009303426,0.0,3.7677253533314103,17.28558483134813,True,True,True
Rat_education_Zina,Education,5304.8,17072,0.026903784769721883,10243,3414,3415,47.22743791002812,24.425066077730207,0.0,48.50403513909224,24.388755904750216,0.0,3.7558507814803894,31.86262199065756,True,True,True
Cockatoo_education_Julia,Education,3758.9,16078,0.08356133150934797,9646,3216,3216,32.87021811170544,7.680825435711579,0.0,35.640549844527364,7.89232476646359,0.0,3.73218984962406,10.536231972018417,True,True,True
Lamb_education_Rodrigo,Education,6149.0,17544,0.0,10526,3509,3509,34.4374226744186,29.267366676209473,0.0008549931600547196,41.8428676831006,27.479102566286045,0.004274722143060701,3.71789193687231,29.311979890560874,True,True,True
Panther_education_Cleopatra,Education,2012.0,17465,0.004502963976288243,10479,3493,3493,21.662474108216436,16.334024330026516,0.18316633266533067,30.074615430861723,14.457554022040023,0.0,3.703337272989334,21.470719532324622,True,True,True
Cockatoo_education_Brendan,Education,10856.1,16112,0.08162334701322393,9667,3222,3223,69.699992775571,12.230416246947646,0.0,67.85888411417933,11.473930827452993,0.0,3.699163769928102,22.342257304104486,True,True,True
Cockatoo_education_Minh,Education,4697.8,16075,0.08373233014135884,9645,3215,3215,44.89643805287714,8.606045734968403,0.0,46.47690255054433,9.160119275449084,0.0,3.6503995612660605,9.682293626442792,True,True,True
Lamb_education_Williams,Education,8255.0,17194,0.019949840401276786,10316,3439,3439,24.041010544375943,29.395636605099167,0.0008723973479120623,25.52258168072114,25.96348635672463,0.004361733061936609,3.6361243923865296,35.694983310533516,True,True,True
Robin_education_Lizbeth,Education,2001.0,17332,0.012083903328773404,10399,3466,3467,122.20835364066467,21.158343546660177,0.0,120.36436065762906,15.400979514372489,0.0,3.626306825442928,24.755222622998133,True,True,True
Fox_education_Claire,Education,8145.1,17543,5.699954400362195e-05,10525,3509,3509,60.932365615915195,24.33984738850902,5.700279313686371e-05,63.494519806212594,22.620078897121882,0.0,3.5984992826398847,36.41124487004103,True,True,True
Cockatoo_education_Helene,Education,3130.4,16101,0.082250341997264,9660,3220,3221,116.17651129122414,18.75817773192557,0.0,98.0949627444893,10.482891084672712,0.0,3.5722083203002817,22.028386198637435,True,True,True
Peacock_education_Dustin,Education,7462.4,17504,0.002279981760145877,10502,3501,3501,46.03726159734918,12.76160629949088,0.00011425959780621572,44.35127135104256,12.242891793626516,0.0,3.5275629853321826,29.6400362827673,True,True,True
Fox_education_Rosie,Education,8445.2,17191,0.020120839033287763,10314,3438,3439,127.43080681752079,24.457045877043008,0.0,128.01173887758068,23.20037293646917,0.0,3.527150805270864,9.58730805700202,True,True,True
Rat_education_Earnest,Education,5564.9,17427,0.006668946648426766,10456,3485,3486,60.26531302002639,21.590514504924016,0.0,58.78492541594951,22.30376819405679,0.0,3.4698093587521663,28.812443988050795,True,True,True
Lamb_education_Emery,Education,10133.0,17194,0.019949840401276786,10316,3439,3439,36.68194921484239,34.384003422310286,0.0008723973479120623,35.55575431811573,33.3736425992603,0.004361733061936609,3.46425065885798,34.65886308911634,True,True,True
Fox_education_Jaclyn,Education,6619.2,17332,0.012083903328773404,10399,3466,3467,192.3778819524579,20.22912397979105,0.0,199.97466685895589,22.37555351286924,0.0,3.452721463839675,18.571210996749755,True,True,True
Bear_education_Sharon,Education,5261.7,17523,0.001196990424076616,10513,3505,3505,112.21987988928836,13.69065876324497,0.0,115.08133446504993,13.929935034117843,0.0,3.4397964378052284,25.704955893221893,True,True,True
Rat_education_Fernando,Education,5472.7,17468,0.0043319653442772665,10480,3494,3494,62.385609113808094,27.3474708724998,5.72475383558507e-05,64.7875100171723,23.644496753231007,0.0,3.4248097982708936,33.55105769230771,True,True,True
Eagle_education_Sheena,Education,4277.0,17194,0.019949840401276786,10316,3439,3439,26.77381337094335,13.145652888705413,0.12917296731417938,25.404200552486184,12.48244530914764,0.12416400116312881,3.4134071449487555,17.784013211812884,True,True,True
Bear_education_Darrell,Education,5234.4,17192,0.02006383948928414,10315,3438,3439,38.927710644485806,25.96381253168911,0.0,32.740620267519624,19.509413993321186,0.0,3.3412709224011716,48.59493584533608,True,True,True
Rat_education_Mose,Education,10219.3,17492,0.0029639762881896736,10495,3498,3499,82.80414075005717,42.69128560103882,0.000228675966155957,52.85051157473564,23.236211377339796,0.0,3.311525179856115,41.99459533607683,True,True,True
Bear_education_Gavin,Education,7158.6,17533,0.0006269949840401745,10519,3507,3507,89.9654304739634,9.484256282963488,0.0,90.46639580838324,9.237430199923093,0.0,3.251368217054264,14.807156556228094,True,True,True
Bear_education_Wade,Education,10552.8,17192,0.02006383948928414,10315,3438,3439,55.15980393787808,22.621195575463595,0.00040716612377850165,50.118817010758946,27.932495174718646,0.0,3.2016078477306,32.40543248220623,True,True,True
Eagle_education_Paul,Education,4008.1,17194,0.019949840401276786,10316,3439,3439,25.090544532976622,12.31938293818997,0.12917296731417938,23.80723096830474,11.697768198631438,0.12416400116312881,3.1988303074670568,16.666066663499,True,True,True
Fox_education_Sterling,Education,4106.6,17524,0.001139990880072994,10514,3505,3505,22.33996804382561,16.174200177088483,0.00011412919424788861,23.249012838801715,14.071054888428193,0.0002853067047075606,3.190304510198219,36.69114273634365,True,True,True
Bull_education_Pablo,Education,4810.3,17508,0.0020519835841312783,10504,3502,3502,37.593614347726756,14.002188759034835,0.017192140735663698,40.038692175899484,15.066253901607016,0.023129640205596803,3.13571017826337,27.135061746903283,True,True,True
Hog_education_Jewel,Education,7912.0,17543,5.699954400362195e-05,10525,3509,3509,65.32736578692356,19.65361982299144,0.0,68.13081818181819,19.973166447815007,0.0,3.098118220946915,28.98593481344753,True,True,True
Rat_education_Cecil,Education,5681.1,17444,0.005699954400364748,10466,3489,3489,62.211392455858764,26.118746026057632,0.00011465260261407934,67.23982229865291,24.39100880891333,0.0,3.091232323232323,19.520866574965616,True,True,True
Bull_education_Stewart,Education,7212.2,17225,0.01818285453716373,10335,3445,3445,125.69277213352684,17.764905881949417,0.0,116.52626995645863,17.01046269488376,0.0,3.08418591055247,30.34028049512814,True,True,True
Rat_education_Patty,Education,15793.5,17429,0.006554947560419522,10457,3486,3486,136.59478799701648,61.50310607915478,0.0,64.1547074010327,33.155072637678515,0.0,3.049350086655113,33.97590766030089,True,True,True
Fox_education_Heriberto,Education,3174.6,17539,0.00028499772001822077,10523,3508,3508,37.11886310508011,14.792869510456782,0.0,31.63661630558723,13.81012733157635,0.0,2.994362801377727,33.46870940539325,True,True,True
Bull_education_Brady,Education,3636.5,17510,0.0019379844961240345,10506,3502,3502,33.14583095374072,15.656360924166155,0.015648201027984008,31.953026841804682,15.715139122335035,0.022844089091947458,2.96578493387004,28.607985753397923,True,True,True
Rat_education_Shellie,Education,5778.6,17468,0.0043319653442772665,10480,3494,3494,74.71264540874742,30.462434615752723,0.0,78.4380566685747,29.609053151629126,0.0,2.964187319884726,25.510810439560444,True,True,True
Hog_education_Rachael,Education,3715.0,17544,0.0,10526,3509,3509,74.87986713406292,24.38884687605647,0.0,69.08070589911655,21.737353799319187,0.0,2.954605738880918,22.963160054719552,True,True,True
Rat_education_Stuart,Education,7636.6,17456,0.005015959872321063,10473,3491,3492,47.47419855637031,19.461875939313032,0.0,44.32057273768614,16.175239899665154,0.0,2.917621107266436,13.180560389704148,True,True,True
Rat_education_Humberto,Education,9288.0,17173,0.021146830825353402,10303,3435,3435,174.85010365108016,117.15676511139928,0.000873464158854015,42.043327510917024,28.710198189451745,0.0,2.9055614189387278,56.27163407821229,True,True,True
Wolf_education_Miguel,Education,5403.0,17193,0.020006839945280408,10315,3439,3439,35.38164761821672,16.981617819864233,5.816320595591229e-05,35.90701948240768,17.660491279350918,0.0,2.8750666178623723,31.422842182717083,True,True,True
Wolf_education_Arnulfo,Education,5184.0,17543,5.699954400362195e-05,10525,3509,3509,35.27792039559939,17.990031799247923,0.021604058598871344,36.16823881447706,16.973603978595484,0.0,2.855213773314204,22.20122093023256,True,True,True
Peacock_education_Robbie,Education,5416.9,17540,0.00022799817601459882,10524,3508,3508,43.91588278221209,15.546146550417728,0.0,36.47230592930445,12.071836263482016,0.0,2.80495,22.771113953488367,True,True,True
Rat_education_Cinthia,Education,6438.2,17143,0.022856817145462838,10285,3429,3429,22.31462404479963,27.032763533559223,0.3197223356472029,5.806237970253719,11.852436965491266,0.7833187518226888,2.7906079295154185,34.4624642677218,True,True,True
Fox_education_Geoffrey,Education,12731.4,17419,0.007124943000455963,10451,3484,3484,120.60455307422929,15.110583205736301,0.0,119.99303673938003,13.949911777384589,0.0,2.767364161849711,21.07355981596548,True,True,True
Bear_education_Wm,Education,8679.0,17424,0.0068399452804377425,10454,3485,3485,50.119191586317726,12.14807027745078,0.0,49.39690071736012,12.659259876506004,0.0,2.7471994221323315,22.817879126085217,True,True,True
Cockatoo_education_Melanie,Education,3240.0,15793,0.09980620155038755,9475,3159,3159,15.790388152979169,9.57923565819359,6.331919204710948e-05,26.460857866413424,8.732665622477409,0.0,2.737647527910686,7.669957458904616,True,True,True
Rat_education_Francisca,Education,6605.4,16719,0.047024623803009535,10031,3344,3344,33.424619893534306,28.031581504759224,0.0,68.2939653110048,22.36774314852988,0.0,2.7185632530120487,2.1292630231206076,True,True,True
Fox_education_Theodore,Education,11389.2,17414,0.007409940720474184,10448,3483,3483,271.08179740438726,11.083013898211432,0.0,273.39547229399943,11.887390795252642,0.0,2.7038826250361385,19.233297291092697,True,True,True
Bull_education_Sebastian,Education,5117.7,17507,0.0021089831281350113,10504,3501,3502,37.79116924658708,12.622404658995153,0.017078882732621238,38.94346087949743,14.037406228735314,0.022844089091947458,2.679700977573318,22.975130371796535,True,True,True
Panther_education_Janis,Education,1015.6,17530,0.0007979936160510404,10518,3506,3506,21.45561892184826,14.97033093723019,0.19281232173416998,27.970802224757563,11.805467172312078,0.0,2.5761792647903503,17.676377017783853,True,True,True
Bull_education_Nolan,Education,8512.6,17234,0.01766985864113091,10340,3447,3447,66.68956713473366,12.593075053088707,0.0,66.53002610966057,13.431499401835437,0.0,2.572304995617879,22.187484018937077,True,True,True
Eagle_education_Eileen,Education,2600.8,17194,0.019949840401276786,10316,3439,3439,40.85362762591601,12.928837799456492,0.04908689077585204,42.647691799941846,16.5188022599463,0.09828438499563827,2.5629881112737922,16.700689161859906,True,True,True
Rat_education_Dreama,Education,9801.3,17151,0.02240082079343364,10290,3430,3431,92.36270363244125,25.29863475800171,5.830563815520961e-05,94.3258962401632,27.28043070823218,0.0,2.561637804520106,7.506527785939554,True,True,True
Peacock_education_Shelly,Education,4984.3,17358,0.010601915184678568,10414,3472,3472,113.59753710680954,9.101475730448316,0.0,113.3906489343318,7.958034337846097,0.0,2.536921258700696,15.275135191518487,True,True,True
Fox_education_Eldon,Education,4613.7,17490,0.0030779753761970285,10494,3498,3498,195.4847072612922,13.819227950654634,0.0,197.4096054888508,10.964201388150627,0.0,2.492959124928036,14.58978474923427,True,True,True
Fox_education_Suzan,Education,4559.5,17082,0.02633378932968533,10249,3416,3417,39.344276431331224,12.699897535757003,5.854115443156539e-05,42.0817617793386,12.222667327694033,0.0,2.481037430002947,17.719510368067876,True,True,True
Rat_education_Bryant,Education,6466.0,17451,0.005300957592339284,10470,3490,3491,55.84955876454071,11.59970945674824,0.0,54.65293325694644,13.213968139265342,0.0,2.4800346120565333,14.97851172211557,True,True,True
Wolf_education_Clarissa,Education,6778.0,17458,0.004901960784313708,10474,3492,3492,52.79988500973765,13.679478067343053,0.0,52.098755011454756,14.444178719145224,0.0,2.4653258362168398,24.823256465376836,True,True,True
Bull_education_Geneva,Education,2321.8,17164,0.02165982672138622,10298,3433,3433,29.18183407131205,12.369655994075146,0.023828944302027498,26.926449169822313,12.140653965546939,0.023011942907078357,2.4608389557054853,13.397923761290762,True,True,True
Bear_education_Austin,Education,2031.4,17495,0.0027929776561786968,10497,3499,3499,21.098268396684766,14.67782665250446,0.0,20.02255381537582,14.448223412740711,0.0,2.447810129496402,24.053247137568817,True,True,True
Bull_education_Lyn,Education,2418.5,17467,0.0043889648882808885,10480,3493,3494,25.021039674815366,7.278653007160285,0.016201980878227516,23.871493989696624,8.591127410173838,0.02661705781339439,2.435158501440922,13.911828240252898,True,True,True
Fox_education_Ray,Education,1185.5,17543,5.699954400362195e-05,10525,3509,3509,47.59483668699766,17.993544897488825,5.700279313686371e-05,46.25980051296666,11.806680471261116,0.00028498147620404675,2.4345394548063126,14.359682158049587,True,True,True
Eagle_education_Cassie,Education,3066.9,17194,0.019949840401276786,10316,3439,3439,30.879186117250203,35.82838457151654,0.5272187972548563,40.14247784239604,21.18569375686192,0.17476010468159348,2.414589019033675,2.2476263833643344,True,True,True
Bull_education_Bryon,Education,4723.7,17509,0.0019949840401276564,10505,3502,3502,34.848392255411504,10.737307987165096,0.01582043520475184,33.2812678469446,11.876938372211262,0.023129640205596803,2.3732029902242666,20.190815733748103,True,True,True
Rat_education_Royal,Education,7218.6,17492,0.0029639762881896736,10495,3498,3499,72.92922936199406,19.403133229521433,0.0,71.18583023721064,17.982693756084217,0.0,2.3530359712230213,20.438312757201643,True,True,True
Bear_education_Irene,Education,2415.1,17155,0.02217282261741904,10293,3431,3431,86.9172650072865,31.09258384442844,0.0,81.08707808219178,27.874886063101645,0.0,2.34211540945113,8.009701947350095,True,True,True
Panther_education_Rosalie,Education,690.5,17524,0.001139990880072994,10514,3505,3505,52.47091413490071,28.251343436859404,0.19247888609906413,64.45951552068473,13.491118493800778,0.0,2.330756995116346,1.6137184678522516,True,True,True
Bear_education_Clint,Education,3836.6,17497,0.002678978568171453,10498,3499,3500,56.75633133108533,9.694539710530433,0.0,53.98400394285715,9.783800598160289,0.0,2.299560241657077,15.47502469135803,True,True,True
Bobcat_education_Toni,Education,2033.8,15470,0.11821705426356588,9282,3094,3094,27.21110015513898,8.940870288126185,0.0011635423400129282,26.360832934712345,9.511314234603832,0.0003232062055591467,2.2901213029315963,17.235562422360246,True,True,True
Rat_education_Elsie,Education,34978.6,17166,0.021545827633378978,10299,3433,3434,103.88941337527672,190.3718458580709,0.0019224047535826635,12.165920209668025,7.90854660225064,0.00145602795573675,2.248281524926686,99.49098280956218,True,True,True
Lamb_education_Felipe,Education,9005.0,17524,0.001139990880072994,10514,3505,3505,27.107726466560145,27.28057395041428,0.03298333713763981,21.968974265335234,18.699221857184458,0.003994293865905849,2.236988681413387,22.70433485541771,True,True,True
Bull_education_Brandi,Education,2901.6,17500,0.002507979936160476,10500,3500,3500,27.355742857142857,10.97562122639562,0.015657142857142856,28.478714285714286,11.127548365774604,0.022857142857142857,2.228711162255466,17.44881127764165,True,True,True
Fox_education_Rudolph,Education,2335.5,17542,0.0001139990880072439,10525,3508,3509,23.410965682362328,9.818595602276027,0.007638809713829666,22.672356796808206,8.677917271126585,0.03761755485893417,2.206441893830703,12.324970091636526,True,True,True
Bear_education_Merrill,Education,3235.3,14317,0.18393752849977196,8590,2863,2864,21.887529747852202,8.851428519691968,0.0,20.835356913407818,8.739486815781996,0.0,2.1471771126760566,16.84371401370418,True,True,True
Bear_education_Marie,Education,4739.9,17192,0.02006383948928414,10315,3438,3439,23.947373255002326,12.388165356998059,0.0,22.930906484443152,12.427971837880612,0.0,2.1337233967789166,22.87755355864836,True,True,True
Bear_education_Curtis,Education,4104.6,17444,0.005699954400364748,10466,3489,3489,68.86435798555378,10.669619239637353,0.0,65.94058575523073,11.40971835474984,0.0,2.109038845598846,19.72260041896324,True,True,True
Bull_education_Summer,Education,3509.4,17425,0.006782945736434121,10455,3485,3485,30.658134863701576,8.500257433465375,0.019799139167862266,31.692969870875178,9.349325814649701,0.02295552367288379,2.1037272464605605,12.07271071479391,True,True,True
Fox_education_Virgil,Education,6123.0,17479,0.003704970360237092,10487,3496,3496,89.7287487842554,9.62841676031773,0.0,88.73156464530892,8.494842696789,0.0,2.0800489631336405,19.063691091799072,True,True,True
Cockatoo_education_Claudine,Education,2609.1,16115,0.08145234838121296,9669,3223,3223,38.739578032888616,5.860730358383938,0.0,38.86717344089357,5.022884573403719,0.0,2.0542305095342295,6.242893371090979,True,True,True
Bear_education_Yuri,Education,3793.7,17500,0.002507979936160476,10500,3500,3500,17.9655072,12.531690964935608,0.0,17.13455091428571,12.033835856200598,0.0,2.0294456271576524,23.02196406035665,True,True,True
Eagle_education_Maragret,Education,1228.2,17193,0.020006839945280408,10315,3439,3439,22.120537428023034,4.442678586438865,0.0,22.857516719976736,3.8274875196696954,0.0,2.0216691068814057,4.068011322179384,True,True,True
Panther_education_Scarlett,Education,2737.8,17513,0.0017669858641130576,10507,3503,3503,17.92007907268886,11.58238303997776,0.187974647404785,22.255429089351985,8.197149376419791,0.0,1.9424032480597873,9.857574134325283,True,True,True
Bull_education_Patrina,Education,5054.4,17500,0.002507979936160476,10500,3500,3500,17.995885714285713,6.003176320065563,0.017314285714285713,19.254428571428573,7.032123868508064,0.022857142857142857,1.9134062140391255,9.428242499985926,True,True,True
Peacock_education_Patience,Education,2836.4,17530,0.0007979936160510404,10518,3506,3506,27.287041933827727,9.598202110856088,0.0,24.887368682258984,7.600504391634578,0.0,1.8687776565192415,15.764039311882765,True,True,True
Panther_education_Sophia,Education,4559.0,17184,0.020519835841313228,10310,3437,3437,116.66022495926445,54.23542174021423,0.17190409683426444,147.05497209775967,10.808703811944977,0.0,1.862650864342221,33.0432234315994,True,True,True
Bull_education_Elva,Education,5631.9,17169,0.021374829001368,10301,3434,3434,58.86408643485351,9.401385546239768,0.0,57.71228887594642,7.752275135442961,0.0,1.8530791788856305,16.52553099698006,True,True,True
Bull_education_Venita,Education,4882.9,17317,0.012938896488828067,10390,3463,3464,37.92845181035976,8.59796865943376,0.006409886238955939,35.32101616628176,8.33630291625232,0.009526558891454965,1.846220930232558,15.623057860765329,True,True,True
Wolf_education_Katie,Education,2803.0,17193,0.020006839945280408,10315,3439,3439,26.86664892688885,11.249631665265166,5.816320595591229e-05,25.123489386449553,10.469033872723122,0.0,1.8418396778916544,22.221444426533758,True,True,True
Fox_education_Lesley,Education,1555.6,17237,0.017498860009119932,10342,3447,3448,12.624665545048444,7.023400671989042,0.00011602947148575739,12.394454756380512,7.221798738741963,0.0002900232018561485,1.8306220794392525,8.32391015277472,True,True,True
Lamb_education_Sunny,Education,1691.0,17194,0.019949840401276786,10316,3439,3439,5.858402564848203,6.792038626820984,0.00442014656275445,6.612020645536494,7.098818312303433,0.0,1.8230828696925327,8.319416632966794,True,True,True
Bull_education_Reynaldo,Education,4384.2,17508,0.0020519835841312783,10504,3502,3502,31.883596070367833,10.015376197793765,0.015707105323280787,34.97644203312393,9.779381135502037,0.022844089091947458,1.8197239792984474,14.348012667953455,True,True,True
Bull_education_Shona,Education,1352.8,17167,0.021488828089375245,10300,3433,3434,189.437496359294,12.965818534085727,0.0029125648045669017,190.21986022131625,14.881643380578929,0.0049504950495049506,1.7941348973607039,3.845403899721447,True,True,True
Panther_education_Tina,Education,743.2,17534,0.0005699954400364415,10520,3507,3507,6.0844802155811575,5.065777444808676,0.19145659860841793,8.132820188195039,4.857723940052771,0.0,1.7940885156474302,5.5288422708618326,True,True,True
Lamb_education_Marc,Education,811.0,17194,0.019949840401276786,10316,3439,3439,7.313391700593231,11.56317675358067,0.18256368500639758,3.4598890956673447,10.002025838343892,0.5995929049142192,1.7884919472913618,11.222152122526609,True,True,True
Fox_education_Kendrick,Education,1052.5,17470,0.004217966256269912,10482,3494,3494,12.307025758443045,6.967353132178934,0.00017172295363480252,15.411521179164282,9.099538206703274,0.0005724098454493417,1.7582391930835735,8.327967047999653,True,True,True
Bear_education_Lewis,Education,4588.3,17155,0.02217282261741904,10293,3431,3431,23.449483823958026,9.703485083764136,0.0,22.921062168464005,9.032613970818854,0.0,1.7331720575286176,17.932766050612855,True,True,True
Moose_education_Marina,Education,6000.0,17510,0.0019379844961240345,10506,3502,3502,40.4487857167333,10.224078780676312,0.0,40.06919674471731,9.626491858156436,0.0,1.7234704427832088,17.139053222188764,True,True,True
Bull_education_Lenny,Education,4294.9,17189,0.020234838121295007,10313,3438,3438,35.6595788003956,7.441056509023176,0.0,36.09045956951716,5.749190374087346,0.0,1.715875805506737,11.932773109243701,True,True,True
Bull_education_Dania,Education,5215.3,17210,0.01903784769721839,10326,3442,3442,41.051365485183034,8.794089032544765,0.0,38.652818128994774,7.746381466051821,0.0,1.646576945582212,13.95968863538696,True,True,True
Lamb_education_Carlton,Education,3323.0,17194,0.019949840401276786,10316,3439,3439,10.517751709898802,10.805430776960455,0.06525532162382226,10.937512038383252,10.600766500881507,0.013375981389938936,1.6417564275256225,11.637990199349854,True,True,True
Wolf_education_Joaquin,Education,2450.0,17537,0.0003989968080255757,10522,3507,3508,71.5136398756914,10.540735828312396,0.0,71.11184435575827,9.488510539578767,0.0,1.64011696326062,13.441638166894663,True,True,True
Panther_education_Misty,Education,252.7,17524,0.001139990880072994,10514,3505,3505,27.257845349235335,15.092223355878167,0.1847181008902077,33.70120116975749,8.315182671748666,0.0,1.6389714162596956,3.0966296853625224,True,True,True
Hog_education_Jared,Education,1317.8,17502,0.002393980848153232,10501,3500,3501,13.648749857159181,8.11588215563268,0.00628499600045709,13.547764924307343,8.036564591080056,0.0,1.5845245901639344,12.564103236066673,True,True,True
Fox_education_Virginia,Education,1186.7,17150,0.022457820337437262,10290,3430,3430,9.412548104956269,6.422019244349834,0.0003498542274052478,8.905483965014577,5.636164596132652,0.0008746355685131195,1.5617762771579569,8.501993916081169,True,True,True
Rat_education_Tristan,Education,10228.6,15587,0.11154810761513911,9352,3117,3118,29.053057676268686,12.112164103520875,0.0,25.111533033996153,8.552598989658156,0.0,1.5540562378797673,8.313977340488968,True,True,True
Rat_education_Davis,Education,8092.5,17398,0.00832193342453258,10438,3480,3480,78.1999775836303,28.13914110868078,0.0,60.704324712643675,23.53791805662809,0.0,1.5490480324074074,22.235453973914943,True,True,True
Peacock_education_Yolanda,Education,3675.1,17540,0.00022799817601459882,10524,3508,3508,37.502205832383126,8.060296015043857,0.0,34.337413511972635,7.205080312598319,0.0,1.538594546498278,17.022356771545823,True,True,True
Rat_education_Barney,Education,7200.0,17357,0.01065891472868219,10414,3471,3472,28.472628910526016,11.539759241215137,0.0,26.73705357142857,11.299854360604071,0.0,1.5359686774941996,7.9991253847337624,True,True,True
Hog_education_Haywood,Education,3447.4,17360,0.010487916096671213,10416,3472,3472,139.04457736175115,7.379500530544427,0.0,139.31863248847927,7.172988051040729,0.0,1.5308517981438516,9.760207324222108,True,True,True
Rat_education_Brett,Education,10126.4,17493,0.0029069767441860517,10495,3499,3499,65.2910358429086,45.16173383641909,0.0005716572343223003,37.421971991997715,45.55852748912337,0.0,1.4865208633093525,27.557844706733597,True,True,True
Rat_education_Jacob,Education,5310.8,17468,0.0043319653442772665,10480,3494,3494,55.63530341195329,13.487545735382838,0.0,46.95918145392101,10.475490617641599,0.0,1.4824956772334292,4.632307692307698,True,True,True
Lamb_education_Faith,Education,1597.0,17194,0.019949840401276786,10316,3439,3439,7.039437629405606,7.5083426699374884,0.0639176456903571,8.187667839488224,8.212497149575357,0.006687990694969468,1.474053821376281,9.016517451240961,True,True,True
Eagle_education_Shana,Education,2359.8,17194,0.019949840401276786,10316,3439,3439,47.20853566360358,11.781528814770372,0.047342096080027915,46.032027188136084,15.71731009991669,0.09479499854608898,1.4485166617862373,12.175963916534641,True,True,True
Rat_education_Renee,Education,3445.1,17492,0.0029639762881896736,10495,3498,3499,34.26183112279899,12.255196529484246,0.0,20.62923692483567,7.094574173173025,0.0,1.4465669064748201,7.808806584362145,True,True,True
Bear_education_Laurette,Education,4079.4,17301,0.013850889192886462,10380,3460,3461,51.10347182821803,3.88272726932004,0.0,50.83573181161514,3.597034392512144,0.0,1.4361711376200172,5.48430202227518,True,True,True
Hog_education_Hallie,Education,2996.7,17486,0.0033059735522116274,10491,3497,3498,65.45811043120212,6.76439757278429,0.0,66.92489965694682,5.7497191662788865,0.0,1.365867587795049,12.068066698453954,True,True,True
Bear_education_Santos,Education,1349.3,17155,0.02217282261741904,10293,3431,3431,7.99560403963859,7.5217297297457275,0.0,8.498338764208686,7.149277932492198,0.0,1.3504757851482243,9.681398699644468,True,True,True
Wolf_education_Josefa,Education,750.0,17193,0.020006839945280408,10315,3439,3439,8.029423893445006,5.132301351170969,5.816320595591229e-05,7.909877144518755,4.932507187328908,0.0,1.3419267935578332,11.89332079343365,True,True,True
Lamb_education_Daniel,Education,1432.0,17194,0.019949840401276786,10316,3439,3439,7.287104332906829,6.7953389706952265,0.004071187623589624,7.984678191334692,6.935209865496327,0.0,1.302393206442167,8.873363119403129,True,True,True
Lamb_education_Fred,Education,2708.0,17194,0.019949840401276786,10316,3439,3439,7.727740653716413,7.3670238532656,0.0639176456903571,8.327069613259669,7.087744385662592,0.006687990694969468,1.2994113030746708,8.016506610807115,True,True,True
Cockatoo_education_Rita,Education,1704.0,16053,0.08498632010943907,9631,3211,3211,12.603400193110321,5.53216483020321,0.0,13.494168452195579,4.4634847993628615,0.0,1.2961118293065577,8.996153563908335,True,True,True
Bull_education_Clarice,Education,5132.0,17219,0.01852485180118557,10331,3444,3444,31.626401068587025,5.983103559182998,0.0,32.83536585365854,3.117224470090222,0.0,1.277485380116959,5.332184978274366,True,True,True
Lamb_education_Randal,Education,2678.0,17544,0.0,10526,3509,3509,8.153059906520747,8.641975323805411,0.06264249886000912,8.226467626104302,7.647151930438221,0.006554573952693075,1.2561534002869443,11.491385362517098,True,True,True
Fox_education_Maris,Education,2284.1,17540,0.00022799817601459882,10524,3508,3508,19.754549030786777,8.997065619862983,0.11191562143671607,23.018657354618014,6.710128917973265,0.00028506271379703536,1.2501836969001145,3.49854993160055,True,True,True
Fox_education_Charles,Education,909.3,17475,0.003932968536251691,10485,3495,3495,15.716903576537913,6.73519138949127,0.0002861230329041488,17.1416452074392,7.43526888277087,0.001430615164520744,1.2448401037165082,7.157010943912448,True,True,True
Lamb_education_Lawrence,Education,2143.0,17194,0.019949840401276786,10316,3439,3439,6.660488920553681,7.381958142283991,0.0008723973479120623,7.2051389938935735,7.418933594410129,0.004361733061936609,1.2009332357247438,7.837008051377678,True,True,True
Lamb_education_Moses,Education,1295.0,17194,0.019949840401276786,10316,3439,3439,6.069543951378388,6.226849304176573,0.0639176456903571,6.697916167490549,6.240827565966759,0.006687990694969468,1.1749318008784773,7.413702095600627,True,True,True
Bear_education_Yvette,Education,1423.8,17409,0.007694938440492516,10445,3482,3482,10.898693267849964,4.415049206357181,0.0,10.615235697874786,4.327795031165236,0.0,1.1558069404279931,7.420399668132593,True,True,True
Bear_education_Lidia,Education,2824.3,17337,0.011798905608755184,10402,3467,3468,12.624153965507297,5.561285064002978,0.0,11.447653517877738,5.326764047793119,0.0,1.1321618466898955,8.941568790829699,True,True,True
Fox_education_Ashli,Education,864.8,17542,0.0001139990880072439,10525,3508,3509,28.94220100330635,11.124046976403779,0.00011401208528103979,17.490723852949557,5.90197062118103,0.0,1.0947833572453372,6.699480164158686,True,True,True
Bear_education_Chana,Education,3781.7,17347,0.011228910168718631,10408,3469,3470,21.26366775234911,5.039879813625471,0.0,21.08374106628242,4.871092907525562,0.0,1.0657089378990134,7.915157159468407,True,True,True
Lamb_education_Emilie,Education,1303.0,17544,0.0,10526,3509,3509,4.59651924874601,4.802769575567153,0.06395348837209303,5.333241322314049,5.176644480924775,0.01310914790538615,1.0439871449067433,6.46046511627907,True,True,True
Lamb_education_Bert,Education,2403.0,17194,0.019949840401276786,10316,3439,3439,5.475365168081889,6.0126793375950465,0.0639176456903571,6.121701744693224,6.368186565280185,0.006687990694969468,1.0377728257686676,7.296741537346481,True,True,True
Fox_education_Shawanda,Education,960.1,17192,0.02006383948928414,10315,3438,3439,10.720123313168918,9.164382309471618,0.00017449976733364356,9.471698168072113,7.166349112715683,0.0005815644082582146,1.0352532942898975,5.860720901533487,True,True,True
Lamb_education_Dwayne,Education,1391.0,17194,0.019949840401276786,10316,3439,3439,5.687960137257182,5.356282446767074,0.0026753518669303247,6.212066327420762,5.303906103035481,0.0,1.0270616105417276,6.609870119808444,True,True,True
Cockatoo_education_Jack,Education,2918.5,15939,0.09148426812585497,9563,3188,3188,7.357308614091222,2.6406446300515656,0.0,7.1265056461731495,2.787456568490857,0.0,1.010282364096081,3.666194559701702,True,True,True
Panther_education_Mattie,Education,499.4,17532,0.0006839945280437965,10519,3506,3507,5.40035491101985,4.724311501502136,0.1924480949121606,8.693070829769033,4.924727606730937,0.0,0.994610709158771,5.771402638961604,True,True,True
Peacock_education_Anita,Education,1255.3,17504,0.002279981760145877,10502,3501,3501,11.572636340265083,4.555279703977466,0.0,9.443344444444444,3.8073582047190597,0.0,0.9857832614322692,6.116837482688543,True,True,True
Bear_education_Herb,Education,2212.5,17503,0.00233698130414961,10501,3501,3501,12.93098178026624,4.731675670032465,0.0,12.243214824335904,4.687998591538256,0.0,0.9379540120793787,7.224973428415732,True,True,True
Fox_education_Stacia,Education,3134.5,17192,0.02006383948928414,10315,3438,3439,77.57694858073522,7.587177621351854,0.0,78.905141029369,4.312051368427197,0.0,0.9368491947291362,7.343719130451731,True,True,True
Lamb_education_Norris,Education,3211.0,17194,0.019949840401276786,10316,3439,3439,8.367751657554962,9.613876017179846,0.06257996975689194,5.646789735388194,6.0348172792005474,0.0,0.9024586237188873,10.205695189865398,True,True,True
Cockatoo_education_Magdalena,Education,846.4,16087,0.08304833561331504,9652,3217,3218,10.922578274383042,4.783065438351875,6.216199415677255e-05,11.81979232442511,6.9607754363452194,0.00031075201988812925,0.8909439574201629,3.061417910447762,True,True,True
Fox_education_Elois,Education,695.0,17541,0.00017099863201097687,10524,3508,3509,11.217029815859986,4.003989957847561,0.00028504646257339946,11.069811912225706,4.230158750427954,0.0005699629524080935,0.886932568149211,4.717824897400821,True,True,True
Rat_education_Colin,Education,7748.1,17468,0.0043319653442772665,10480,3494,3494,54.63628119990841,28.424548587871136,0.0,30.21733543216943,22.122025298089618,0.0,0.8677636887608069,28.021208791208792,True,True,True
Rat_education_Calvin,Education,5304.8,17516,0.0015959872321021917,10509,3503,3504,37.16210379081983,14.336638884327733,0.0008563598995204385,41.591703767123285,15.445716701410685,0.0,0.8567040229885057,16.186223129610116,True,True,True
Bear_education_Deena,Education,1716.3,16964,0.03305973552211583,10178,3393,3393,8.67610708559302,3.1202978515901068,0.0,8.393047096964338,2.923387001885346,0.0,0.8276639358860196,6.316563046282306,True,True,True
Lamb_education_Maritza,Education,2815.0,17544,0.0,10526,3509,3509,5.758918929548564,4.705209904778989,0.06264249886000912,6.182910715303505,4.492378101705121,0.006554573952693075,0.8259661692969871,5.665526675786593,True,True,True
Robin_education_Della,Education,499.3,17194,0.019949840401276786,10316,3439,3439,2.96938736187042,2.7932051431782834,0.0057578224962196115,4.480264960744402,2.4694668651813267,0.012503634777551615,0.7954474084919474,1.9685493071957016,True,True,True
Hog_education_Darryl,Education,994.3,17194,0.019949840401276786,10316,3439,3439,2.539642317087356,3.532147394238283,0.6333023147609631,7.097220122128526,1.942940683817659,0.0,0.7859853587115666,0.719121736300016,True,True,True
Eagle_education_April,Education,7144.5,17194,0.019949840401276786,10316,3439,3439,39.50728719320693,22.709156821562676,0.23740839827846924,35.766210817098,22.276533721416115,0.2669380633905205,0.7831481112737922,0.7814174337517414,True,True,True
Bear_education_Oscar,Education,2186.3,17501,0.002450980392156854,10500,3500,3501,11.704384246614481,4.079753345536232,0.0,10.11854375892602,4.048412183160609,0.0,0.769579781420765,8.956263315106076,True,True,True
Wolf_education_Roderick,Education,818.0,17522,0.001253989968080238,10513,3504,3505,5.112181543202831,2.775843349037718,0.00028535555301906175,4.458494293865906,2.326016564680609,0.0014265335235378032,0.7609293306521114,3.3217920656634745,True,True,True
Lamb_education_Traci,Education,1374.0,17194,0.019949840401276786,10316,3439,3439,2.018898999651041,3.1227054680316244,0.1473769919739444,2.249358505379471,3.243280992903119,0.07647571968595522,0.7573055051244509,4.466135572925007,True,True,True
Lamb_education_Sabrina,Education,1065.0,17194,0.019949840401276786,10316,3439,3439,2.9574901244620215,3.733511870520238,0.06868675119227638,3.4300301250363474,3.960382516567546,0.014539110206455364,0.7189155783308931,4.933085587300337,True,True,True
Lamb_education_Kayla,Education,2418.0,17194,0.019949840401276786,10316,3439,3439,6.983100616494126,7.707409071629676,0.06519716180062812,4.087210177377144,6.950857875842032,0.013085199185809828,0.7039240117130308,8.224647834853428,True,True,True
Lamb_education_Isabelle,Education,2253.0,17544,0.0,10526,3509,3509,11.933182968536252,14.27308607181638,0.0026219790241678066,5.267034625249359,12.530162931191315,0.0,0.690760143472023,11.534745143638851,True,True,True
Fox_education_Marcelina,Education,400.8,17171,0.021260829913360646,10302,3434,3435,3.6636270456001396,3.274389254540609,0.004134878574340458,3.48597962154294,3.039666513280257,0.00611353711790393,0.6855233069481089,5.156854559821907,True,True,True
Lamb_education_Hui,Education,3462.0,17194,0.019949840401276786,10316,3439,3439,9.554013900197743,14.333955059013334,0.002849831336512737,4.532686914800815,11.835386376435242,0.0,0.6765150512445095,11.087489449214619,True,True,True
Lamb_education_Salvador,Education,2570.0,17194,0.019949840401276786,10316,3439,3439,5.852519355589159,7.400716591884473,0.06519716180062812,3.7441743820878166,6.626675221943887,0.013085199185809828,0.662020644216691,7.848051063895287,True,True,True
Rat_education_Jesse,Education,3839.6,17438,0.006041951664386702,10462,3488,3488,29.286384906525978,10.054994416972177,0.0,19.524137041284405,7.396114650769051,0.0,0.6598729792147806,10.824763278388282,True,True,True
Lamb_education_Vaughn,Education,2619.0,17194,0.019949840401276786,10316,3439,3439,5.3381752529952315,5.817901345913562,0.06257996975689194,3.1945580110497236,2.864570026229431,0.0,0.6366308052708638,6.44043203541527,True,True,True
Lamb_education_Jane,Education,2777.0,17194,0.019949840401276786,10316,3439,3439,8.558726485983483,9.179266317079339,0.06525532162382226,4.508745681884269,7.342343955842777,0.013085199185809828,0.6126796193265006,8.405091791860876,True,True,True
Lamb_education_Hellen,Education,1123.0,17194,0.019949840401276786,10316,3439,3439,3.0510771024776084,3.3112217254284144,0.06397580551355124,3.7161682756615293,3.32685934025336,0.006687990694969468,0.6002330307467056,4.089053878617129,True,True,True
Lamb_education_Sylvester,Education,2132.0,17194,0.019949840401276786,10316,3439,3439,2.7738570431545893,3.1230951351089615,0.06449924392229847,3.1392021517883104,3.462679234183246,0.009305030532131433,0.5744647437774525,3.384680164158687,True,True,True
Lamb_education_Logan,Education,2152.0,17194,0.019949840401276786,10316,3439,3439,2.9077046295219264,3.571053325267931,0.12806793067349076,1.6128127944169814,2.6949287994235585,0.06833381797034022,0.5483162811127379,4.706714576493387,True,True,True
Lamb_education_Dolly,Education,2154.0,17194,0.019949840401276786,10316,3439,3439,3.9287623589624294,5.467535004280376,0.06542980109340468,2.6136422506542596,5.101204002155315,0.013375981389938936,0.4928844802342605,5.875545297019443,True,True,True
Bear_education_Sandy,Education,1351.0,17371,0.009860921112631149,10422,3474,3475,6.661817402567498,1.3134682380604406,0.0,6.6467485755395685,1.356402051457182,0.0,0.4897748478701826,1.7318070444351976,True,True,True
Lamb_education_Heidi,Education,2164.0,17194,0.019949840401276786,10316,3439,3439,6.555452942887054,7.454828917864845,0.06519716180062812,3.74386475719686,5.910899118556288,0.013085199185809828,0.4894877306002929,7.559419776594594,True,True,True
Cockatoo_education_Victoria,Education,399.3,16058,0.08470132238942085,9634,3212,3212,4.75113753892141,1.231195099320202,0.0,4.48487702366127,1.2363500373108394,0.0,0.4789471141781682,1.362858692644429,True,True,True
Lamb_education_Stefan,Education,2151.0,17194,0.019949840401276786,10316,3439,3439,6.372157019890659,9.380700844393703,0.0026753518669303247,2.8788562954347197,7.5526558652854305,0.0,0.4640672327964861,7.312481161962225,True,True,True
Lamb_education_Lucas,Education,1737.0,17194,0.019949840401276786,10316,3439,3439,4.067184942421775,5.305846601414276,0.0,1.9415170979936027,3.663751308546953,0.0,0.45273522693997076,5.110386266200537,True,True,True
Lamb_education_Rick,Education,1584.0,17194,0.019949840401276786,10316,3439,3439,4.939679271839014,7.7792099909173125,0.0026753518669303247,2.002185053794708,5.800994872358877,0.0,0.4473088433382137,7.230400464585757,True,True,True
Lamb_education_Gabriel,Education,2193.0,17544,0.0,10526,3509,3509,7.065137403100775,9.08699575781907,0.0026789785681714546,2.976684981476204,6.9089678407068105,0.0,0.4219941463414635,8.062462380300957,True,True,True
Bear_education_Deborah,Education,791.2,17359,0.010544915640674835,10415,3472,3472,0.7596109107667492,0.8960133720231297,0.4829195230139985,0.5929317684331796,0.8319301138033552,0.574020737327189,0.41408230858468675,0.9806107531721535,True,True,True
Cockatoo_education_Joel,Education,887.4,16119,0.08122435020519836,9671,3224,3224,6.075021198585521,1.3697975364600035,0.0,5.686913244416873,1.1501768190212283,0.0,0.409447875,2.496792573458257,True,True,True
Lamb_education_Lazaro,Education,8866.0,17509,0.0019949840401276564,10505,3502,3502,19.508062036666857,25.821687175642,0.0,4.522303512278697,11.37719822709402,0.0,0.4034557504312823,22.723941603448992,True,True,True
Lamb_education_Manuel,Education,2844.0,17538,0.0003419972640218427,10522,3508,3508,8.804109869996578,11.109650034879756,0.0026228760405975597,2.999907981755986,6.7807132920008595,0.0,0.40309977037887484,12.694430984202537,True,True,True
Lamb_education_Princess,Education,1769.0,17485,0.0033629730962152493,10491,3497,3497,6.461445719187876,8.985949360303978,0.004232199027738061,3.1211183585930797,7.437409820381022,0.0,0.38519421249640085,7.578020562786535,True,True,True
Lamb_education_Maxwell,Education,2635.0,17194,0.019949840401276786,10316,3439,3439,4.8389548854251485,6.396520431090709,0.0026753518669303247,2.152840942134341,5.238414383221212,0.0,0.3682634260614934,4.959962635280006,True,True,True
Lamb_education_Felicia,Education,2182.0,17405,0.007922936616507115,10443,3481,3481,4.171677414536053,4.3709463893057645,0.0645216891697788,2.2902916403332374,3.2557331939607104,0.013214593507612756,0.36433346832513736,3.824609171298782,True,True,True
Lamb_education_Augustine,Education,2939.0,17194,0.019949840401276786,10316,3439,3439,4.871120140746772,7.4214046935735,0.0026753518669303247,1.7868326257633032,5.337254835348108,0.0,0.3615723865300146,6.473892970772023,True,True,True
Panther_education_Jonathan,Education,331.6,17532,0.0006839945280437965,10519,3506,3507,6.470933219256217,4.451901008508658,0.22883869495779147,9.017027259766182,4.563145549690175,0.18106643855146848,0.36087901234567904,2.1977262653898766,True,True,True
Rat_education_Pat,Education,13461.6,16967,0.03288873689010485,10180,3393,3394,152.48188837154476,85.08403667506167,0.00023575175340366595,49.83347377725398,2.034540030614176,0.0,0.3426617210682493,5.9815730461724,True,True,True
Bear_education_Tara,Education,733.9,17497,0.002678978568171453,10498,3499,3500,3.3983216665714124,1.3105712142333519,5.715265474081271e-05,3.0345177714285714,1.2729917400062642,0.0,0.33328107019562714,2.061105599647266,True,True,True
Lamb_education_Gabrielle,Education,2572.0,17194,0.019949840401276786,10316,3439,3439,4.293682918459928,5.194298304142186,0.0,0.9163533003780169,0.9875242966331702,0.0,0.32719203513909223,4.710659615092311,True,True,True
Rat_education_Barbara,Education,20903.2,17119,0.02422480620155043,10271,3424,3424,1.4091255330334715,1.3052009181876896,0.06653426017874876,1.416518691588785,1.2930222627938512,0.09375,0.23705882352941177,2.679838986770805,True,True,True
Lamb_education_Hilary,Education,1281.0,17194,0.019949840401276786,10316,3439,3439,3.3983134930789807,4.997196505656752,0.002733511690124462,1.6880079965106136,4.241306419673387,0.0,0.22671147877013173,3.481973902087486,True,True,True
Bear_education_Holly,Education,722.9,17272,0.015503875968992276,10363,3454,3455,1.2323650648448357,0.5372690889353637,5.789717461787865e-05,1.4133796237337193,0.3757420866618545,0.0,0.1734381521422326,0.26713549447664287,True,True,True
Bear_education_Millie,Education,661.7,17077,0.02661878704970355,10246,3415,3416,3.3977524857996135,0.589737718746261,0.0,3.0710275175644024,0.4302074399945036,0.0,0.14634360259433962,0.519857724268499,True,True,True
Bear_education_Arnold,Education,186.7,16769,0.04417464660282722,10061,3354,3354,0.5072572604210149,0.24774801640972627,0.0002981692408611128,0.5083422182468694,0.29836777693082556,0.0,0.11417333333333334,0.19139107862034382,True,True,True
Lamb_education_Debby,Education,2961.0,17194,0.019949840401276786,10316,3439,3439,7.433905606606956,10.85706116572731,0.06385948586716296,0.6892879906949695,1.718036292645742,0.00639720849084036,0.06822852122986822,10.812163257538641,True,True,True
Rat_education_Imelda,Education,3669.7,17142,0.02291381668946646,10285,3428,3429,2.8612145607280364,0.49172962403183185,0.0,2.602146398366871,0.0863285052680731,0.0,0.06214390602055801,0.09137591557675195,True,True,True
Lamb_education_Eula,Education,2927.0,17194,0.019949840401276786,10316,3439,3439,1.0376394788879841,1.8161372528837645,0.0,0.7463371910439083,2.674844701944612,0.0,0.049662986822840406,1.418639347835978,True,True,True
Cockatoo_education_Clifton,Education,5292.6,16026,0.08652530779753764,9615,3205,3206,1.3334212092849123,0.13681778587120122,0.0,1.3288963505926386,0.11870817006615846,0.0,0.04919861722187304,0.2594697039692513,True,True,True
Lamb_education_Bettye,Education,2692.0,17194,0.019949840401276786,10316,3439,3439,7.965389409096196,10.303794650920047,0.003954867977201349,0.44110901424832794,1.5054396823297336,0.00639720849084036,0.041780439238653,9.711198487832842,True,True,True
Bear_education_Herman,Education,371.6,17501,0.002450980392156854,10500,3500,3501,0.2845131135363693,0.1411334059113027,0.0,0.27008211939445875,0.14352010523175426,0.0,0.027799108426804716,0.16587805212620027,True,True,True
Bear_education_Alfredo,Education,609.8,17301,0.013850889192886462,10380,3460,3461,0.17733364545402,0.08277113214084128,0.0,0.1565769141866513,0.07658582789031187,0.0,0.017450538260110563,0.08922915010777974,True,True,True
Lamb_education_Lemuel,Education,1589.0,17403,0.008036935704514359,10441,3481,3481,7.599322536344309,8.549762473708087,0.06309257024650922,0.24332398735995403,1.0423748164908393,0.006320022981901752,0.016228174717963555,6.8547404510866174,True,True,True
Bear_education_Bonita,Education,389.2,16990,0.03157774737802099,10194,3398,3398,0.1781250029429076,0.09586713943633195,0.0,0.1324006474396704,0.054448083491814625,0.0,0.01358037937166568,0.10647929078885407,True,True,True
Lamb_education_Larissa,Education,2555.0,17194,0.019949840401276786,10316,3439,3439,5.978327288589043,8.157649560102186,0.006572060020937537,0.12398761267810408,0.7351461724147261,0.00639720849084036,0.011800966325036601,7.645941567485892,True,True,True
Lamb_education_Ira,Education,1048.0,17194,0.019949840401276786,10316,3439,3439,2.3270017738746076,3.2081967091402848,0.13376759334651622,0.042360860715324224,0.2626055532678437,0.018610061064262867,0.008609165446559298,2.1268719869216945,True,True,True
Lamb_education_Ellen,Education,2061.0,17194,0.019949840401276786,10316,3439,3439,4.404014028149354,5.288755918761869,0.06385948586716296,0.1444835998836871,0.672307595485197,0.00639720849084036,0.008316339677891655,4.615913152890878,True,True,True
Lamb_education_Phil,Education,1014.0,17194,0.019949840401276786,10316,3439,3439,2.842798836803536,3.821802395026314,0.06409212515993952,0.08920101773771447,0.5085562248878517,0.00639720849084036,0.007730658857979501,3.6051379905674636,True,True,True
Lamb_education_Leopoldo,Education,3984.0,17194,0.019949840401276786,10316,3439,3439,5.788059462603233,8.016023568557657,0.06257996975689194,0.09150584472230298,0.5132035237312219,0.0,0.006969341142020499,7.17242743021224,True,True,True
Lamb_education_Wanda,Education,1086.0,17194,0.019949840401276786,10316,3439,3439,2.989513876933814,3.782265298670661,0.06403396533674538,0.08449520209363186,0.4098126730230437,0.00639720849084036,0.0067057979502196195,2.963223594391245,True,True,True
Lamb_education_Nathan,Education,2937.0,17194,0.019949840401276786,10316,3439,3439,3.5984708444806324,4.911278009554021,0.0639176456903571,0.1276763594068043,0.6407392242970479,0.00639720849084036,0.006266559297218154,4.472471703577722,True,True,True
Cockatoo_education_Latrice,Education,1940.7,15282,0.1289329685362517,9169,3056,3057,0.021113074204946996,0.17552039814995096,0.9177463682764037,0.01355904481517828,0.036180623063326686,0.8501799149492967,0.00590174744477415,0.020166194884980036,True,True,True
Lamb_education_Wilbert,Education,2215.0,17194,0.019949840401276786,10316,3439,3439,6.145875695009886,10.097769661414713,0.06385948586716296,0.08377246292526896,0.4717725621392065,0.00639720849084036,0.005651625183016104,9.62060038987688,True,True,True
Lamb_education_Kasha,Education,2335.0,17194,0.019949840401276786,10316,3439,3439,4.689033267418868,7.86244519880246,0.06403396533674538,0.07576408839779006,0.35436446834821983,0.006687990694969468,0.005358770131771597,8.272907575849235,True,True,True
Lamb_education_Aldo,Education,736.0,17194,0.019949840401276786,10316,3439,3439,1.3108468768174943,2.19026799313314,0.20699081074793532,0.03786749054957838,0.17845471669383595,0.00756033730735679,0.004919502196193265,2.2272308442997244,True,True,True
Lamb_education_Ruben,Education,1578.0,17415,0.007352941176470562,10449,3483,3483,5.062421739879414,6.271069624807098,0.06304909560723514,0.19161039333907548,0.782019357390014,0.006316393913293138,0.004741341428158429,5.760599707078146,True,True,True
Lamb_education_Marty,Education,1201.0,17194,0.019949840401276786,10316,3439,3439,4.114886146330115,6.44116067805927,0.06426660462952193,0.05586833381797035,0.31753355923301035,0.006687990694969468,0.0029282869692532944,5.841295510648573,True,True,True
Lamb_education_Chet,Education,1078.0,17490,0.0030779753761970285,10494,3498,3498,2.1817064665523156,2.5135657573243013,0.06289308176100629,0.07345085763293309,0.33141596502029536,0.0065751858204688395,0.0025907023603914804,2.2393486986908577,True,True,True
Lamb_assembly_Rosa,Entertainment/public assembly,1132.0,17194,0.019949840401276786,10316,3439,3439,97.25776599395138,180.3370139669707,0.0,113.95805981389938,187.9382720250316,0.0,64.49326693997071,309.32187724339855,True,True,True
Bull_assembly_Gigi,Entertainment/public assembly,39620.5,17394,0.008549931600547178,10436,3479,3479,347.8661319995401,115.97083039395254,0.02477865930780729,402.34262719172176,119.33221492513505,0.02270767461914343,47.26888567293777,134.46974435822773,True,True,True
Hog_assembly_Colette,Entertainment/public assembly,21783.5,17528,0.0009119927040583953,10516,3506,3506,359.7377215883158,173.19283506054643,0.0,385.2603653736452,164.06408220603166,0.0,46.31976967260195,208.39248700410394,True,True,True
Hog_assembly_Maribel,Entertainment/public assembly,13306.3,17192,0.02006383948928414,10315,3438,3439,826.4439855746859,212.72737863216653,0.0,808.889793544635,190.81831190153292,0.0,41.945241581259154,391.30620317662283,True,True,True
Hog_assembly_Dona,Entertainment/public assembly,15501.4,17536,0.00045599635202919764,10521,3507,3508,293.4736352645985,90.69782013342304,0.0,311.4763876852908,94.90118510476408,0.0,40.3826607347876,174.48517510259916,True,True,True
Eagle_assembly_Ian,Entertainment/public assembly,34376.3,17194,0.019949840401276786,10316,3439,3439,431.95387926020703,142.8286973328507,0.009421891357450274,468.4088397790055,133.76063213335584,0.0005815644082582146,36.048609077598826,201.98236236894917,True,True,True
Bull_assembly_Nick,Entertainment/public assembly,32032.8,17173,0.021146830825353402,10303,3435,3435,940.5172654748734,153.54051103958454,0.005706632504512898,910.5420669577875,159.29138083750559,0.007569141193595342,34.02990325417766,241.94375014691252,True,True,True
Bull_assembly_Beau,Entertainment/public assembly,46789.1,17167,0.021488828089375245,10300,3433,3434,499.8765946292305,183.56269039371765,0.015902603832935285,496.63133372160746,184.48778535081735,0.023587652882935354,31.618768328445746,162.57389801210024,True,True,True
Bear_assembly_Genia,Entertainment/public assembly,24256.1,17030,0.029297765617875005,10218,3406,3406,255.64483184967702,70.81106519537268,0.0,280.7626498238403,82.46146952120256,0.0,27.650438823181545,139.80618429355277,True,True,True
Bear_assembly_Angel,Entertainment/public assembly,22117.0,14435,0.17721158230734158,8661,2887,2887,494.33639636993416,172.01997887731807,0.0,479.17140290959475,159.75066614034114,0.0,27.356388787984628,284.2857603657993,True,True,True
Bull_assembly_Amalia,Entertainment/public assembly,52377.0,17319,0.012824897400820823,10391,3464,3464,558.3891679658179,128.90971488359,0.00791038743576419,577.4148383371825,131.5392472948662,0.01212471131639723,25.003488372093024,139.93320550312887,True,True,True
Hog_assembly_Letha,Entertainment/public assembly,50664.7,16970,0.03271773825809399,10182,3394,3394,609.933938361815,103.50832027152482,0.0,554.4823282262817,90.92930709154236,0.0,24.144708605341243,97.94803843444231,True,True,True
Panther_assembly_Denice,Entertainment/public assembly,34445.9,17533,0.0006269949840401745,10519,3507,3507,382.04179777562314,210.9710934076778,0.1926082244909599,522.4746199600798,111.63455777693973,0.0,23.17544542061441,165.92791614227082,True,True,True
Fox_assembly_Johnnie,Entertainment/public assembly,23668.5,17492,0.0029639762881896736,10495,3498,3499,336.1743951520695,98.47291602019799,0.002000914703864624,360.5819119748499,95.14875132216781,0.0,22.11513381294964,199.8758009698233,True,True,True
Cockatoo_assembly_Emilio,Entertainment/public assembly,6381.8,16117,0.0813383492932056,9670,3223,3224,263.2945859403115,69.44042812337055,0.0,276.8049446960298,56.68409180962406,0.0,20.783778625,83.39059799295092,True,True,True
Hog_assembly_Pedro,Entertainment/public assembly,24942.6,17306,0.013565891472868241,10383,3461,3462,220.74553409222233,107.70367918187327,0.0,258.62635210860776,117.9969715859682,0.0,20.619978766724838,154.72468922017043,True,True,True
Bear_assembly_Jose,Entertainment/public assembly,3361.2,17481,0.003590971272229848,10488,3496,3497,256.9503162519307,71.92970704947922,0.0,266.2533845010009,82.15753278222805,0.0,19.690738151454074,158.48818473479753,True,True,True
Eagle_assembly_Margret,Entertainment/public assembly,16797.4,17194,0.019949840401276786,10316,3439,3439,389.28756637780623,90.46836830098158,0.004885425148307549,335.9246679558011,68.19681047745976,0.0,18.625500673499268,143.4193718111984,True,True,True
Cockatoo_assembly_Doyle,Entertainment/public assembly,18491.1,16115,0.08145234838121296,9669,3223,3223,254.29440842693145,88.87361305117932,0.0,263.25238132174997,95.2537402040439,0.0,18.620170365739295,174.26135415049563,True,True,True
Wolf_assembly_Sallie,Entertainment/public assembly,10794.0,17102,0.025193798449612448,10261,3420,3421,262.1832091275874,85.53108357072574,0.0,253.48127228880446,83.07224215815073,0.0,17.220643214601118,188.25742194138246,True,True,True
Fox_assembly_Adrianne,Entertainment/public assembly,21391.8,17422,0.0069539443684450974,10453,3484,3485,230.52581448742967,90.45084231720628,0.001320169900126277,257.04723959827834,93.12578515713022,0.00028694404591104734,16.63530193585669,108.2229122286742,True,True,True
Fox_assembly_Boyce,Entertainment/public assembly,15520.9,17178,0.02086183310533518,10306,3436,3436,337.7276854115729,104.14262237864045,0.017929910350448247,338.37157159487776,82.9284592317792,0.0,16.471359906213365,135.01805405928343,True,True,True
Cockatoo_assembly_Valencia,Entertainment/public assembly,14112.0,16117,0.0813383492932056,9670,3223,3224,109.59120546007323,62.103517999262124,0.0,129.9851297456576,43.49113787279444,0.0,15.69645575,40.541986997074744,True,True,True
Eagle_assembly_Portia,Entertainment/public assembly,3211.2,17534,0.0005699954400364415,10520,3507,3507,129.3652064731379,55.712259186102195,0.010950153986540435,128.736725748503,57.51380862393916,0.000855431993156544,15.673075251220213,66.3602898362161,True,True,True
Bobcat_assembly_Franklin,Entertainment/public assembly,15047.4,16108,0.08185134518923853,9664,3222,3222,154.20084031537124,86.58490762500553,0.002110752421157189,134.69494261328367,85.42701105494217,0.004345127250155183,15.37242517198249,107.21512852808429,True,True,True
Fox_assembly_Dixie,Entertainment/public assembly,9801.7,17524,0.001139990880072994,10514,3505,3505,73.00170566080803,62.18469401628861,5.7064597123944306e-05,79.93978316690442,67.9107449244001,0.0,14.889638035047401,121.14102123193973,True,True,True
Eagle_assembly_Candice,Entertainment/public assembly,7867.8,17194,0.019949840401276786,10316,3439,3439,35.72989855763639,43.92610422528573,0.011573804815633361,34.55626269264321,43.39587577743083,0.0008723466123873219,14.569601171303075,47.08019828140955,True,True,True
Bull_assembly_Lance,Entertainment/public assembly,24355.6,17187,0.02034883720930236,10312,3437,3438,444.1138942223774,44.37502909514489,0.0,457.5568644560791,46.44603520695033,0.0,13.740480374926772,92.26841785665317,True,True,True
Peacock_assembly_Dena,Entertainment/public assembly,10065.0,17505,0.0022229822161422552,10503,3501,3501,239.92384474150245,68.28648148672825,0.00011425307055127106,241.55102299343045,58.47417495144186,0.0,13.685279436295657,155.66587529884384,True,True,True
Bobcat_assembly_Billy,Entertainment/public assembly,19859.1,15153,0.13628590971272225,9091,3031,3031,135.2622297630832,39.310660700520486,0.0003959611958028113,136.18976601781588,37.52424419694732,0.0003299241174529858,12.707592184901896,70.38222332029058,True,True,True
Bull_assembly_Freddie,Entertainment/public assembly,21815.4,17509,0.0019949840401276564,10505,3502,3502,220.35544577074648,77.60574657151453,0.017134045348106686,195.4236150770988,74.34039822218845,0.023129640205596803,12.700690051753881,108.24788898675112,True,True,True
Fox_assembly_Carlos,Entertainment/public assembly,6706.9,17155,0.02217282261741904,10293,3431,3431,108.24494083357621,43.94038265575777,0.00017487612940833577,102.1391023025357,40.745391724581474,0.0005829204313611193,12.63690343410625,120.47846219980241,True,True,True
Cockatoo_assembly_Ed,Entertainment/public assembly,8833.1,15966,0.08994528043775651,9579,3193,3194,158.12253017662533,62.99274445598938,0.0,138.73497705072012,42.38932007429899,0.0,12.292195078864353,100.39001540189352,True,True,True
Fox_assembly_Emma,Entertainment/public assembly,13293.8,17533,0.0006269949840401745,10519,3507,3507,170.8200929675469,46.613393323943626,0.00011407060970740888,198.54920729968637,47.603216250928334,0.0005702879954376961,11.754352569623887,96.97240766073868,True,True,True
Eagle_assembly_Josie,Entertainment/public assembly,6827.3,17064,0.02735978112175108,10238,3413,3413,189.08795487576182,69.446332954825,0.0028129395218002813,249.1281625256373,55.227950493059076,0.0002929973630237328,11.404982118619062,20.33305831371848,True,True,True
Bull_assembly_Gerri,Entertainment/public assembly,11079.8,17512,0.0018239854081167906,10507,3502,3503,147.36600616719963,62.17346189084188,0.017074006395614436,130.0832143876677,55.55944419522506,0.022837567799029405,11.16297786720322,105.27647995802333,True,True,True
Gator_assembly_Kimberly,Entertainment/public assembly,81290.1,16604,0.05357957136342906,9962,3321,3321,1461.3281373644907,398.2357403123642,0.0,1390.4223522131888,323.97171186863994,0.0,10.57590212314225,33.91916411426587,True,True,True
Lamb_assembly_Bertie,Entertainment/public assembly,13908.0,17230,0.017897856817145508,10338,3446,3446,69.43237917585607,63.61928575000413,0.001044689495066744,57.883776842716195,42.86747253230597,0.00522344747533372,10.448729982466395,77.74979895460275,True,True,True
Eagle_assembly_Latrina,Entertainment/public assembly,26702.1,17194,0.019949840401276786,10316,3439,3439,135.64777173432594,65.0315903002991,0.06973362800977086,218.56005815644085,63.0080417316383,0.022390229717941263,10.365634055636896,2.6800852367688037,True,True,True
Bull_assembly_Katia,Entertainment/public assembly,6142.8,16874,0.038189694482444136,10124,3375,3375,111.49176247481333,61.488578018028285,0.055114377148275454,99.5474074074074,53.34918074226685,0.023407407407407408,10.19039092808117,43.39793225828103,True,True,True
Rat_assembly_Cristina,Entertainment/public assembly,1176.2,17490,0.0030779753761970285,10494,3498,3498,51.06057232704402,34.4288243303018,0.0004002287021154946,66.12002001143512,39.688515122365544,0.0,9.95602187679908,74.59736625514404,True,True,True
Bull_assembly_Maren,Entertainment/public assembly,11345.5,17030,0.029297765617875005,10218,3406,3406,287.81858485026424,81.51674615784748,0.051732237228420436,226.54374633000586,118.86400171967163,0.20052847915443336,9.625960969840332,60.45335796387519,True,True,True
Lamb_assembly_Librada,Entertainment/public assembly,2957.0,17194,0.019949840401276786,10316,3439,3439,27.84373100500175,31.90799948994081,0.0,43.50175920325675,34.87648715152824,0.0,9.433571742313323,43.815328476972184,True,True,True
Bull_assembly_Nathanial,Entertainment/public assembly,23436.5,17153,0.022286821705426396,10291,3431,3431,214.05192094677315,44.93893073700435,0.010668687693114907,217.11658991547654,53.02685330974268,0.02943748178373652,9.28234810683886,83.69646182495345,True,True,True
Rat_assembly_Mirta,Entertainment/public assembly,8000.8,17512,0.0018239854081167906,10507,3502,3503,168.63779808131568,64.47785045225406,0.00017131110095934218,178.465455324008,59.88236305632457,0.0,9.259014084507042,81.13145782362781,True,True,True
Rat_assembly_Rolland,Entertainment/public assembly,662.7,17166,0.021545827633378978,10299,3433,3434,39.07261621810556,24.372882229770813,0.0002330187580100198,43.21480780430984,28.175582046902885,0.0,9.121026392961879,65.65478127992672,True,True,True
Panther_assembly_Gwyneth,Entertainment/public assembly,7109.6,17184,0.020519835841313228,10310,3437,3437,196.36892697276534,98.17726861737727,0.18202979515828677,252.74321731160896,43.683620271327065,0.0,9.108877878699092,70.66851756318388,True,True,True
Cockatoo_assembly_Heath,Entertainment/public assembly,10361.5,16118,0.08128134974920198,9670,3224,3224,129.92628116391612,55.85774616819758,0.0,88.23450421836228,29.720987888311722,0.0,9.082359375000001,94.1173869476929,True,True,True
Panther_assembly_Pamella,Entertainment/public assembly,7556.5,17182,0.020633834929320582,10309,3436,3437,62.69542058549646,77.19120986732106,0.19695029682225584,165.94223375036367,65.71166738427938,0.0,8.476995282742456,25.325104124535507,True,True,True
Eagle_assembly_Herbert,Entertainment/public assembly,7691.3,17531,0.0007409940720474184,10518,3506,3507,68.30724740744967,34.01912365859399,0.006388682904569049,72.39177482178499,36.743742705523765,0.0005702879954376961,8.366903387884008,57.66400397861509,True,True,True
Rat_assembly_Kaitlyn,Entertainment/public assembly,2432.9,17468,0.0043319653442772665,10480,3494,3494,98.93134646210211,31.81985890153474,0.0,95.98613909559243,31.166863763562088,0.0,8.260224783861672,69.40586538461538,True,True,True
Eagle_assembly_Lacy,Entertainment/public assembly,15467.3,17180,0.020747834017327826,10308,3436,3436,118.3293643364377,25.850802560193078,0.01909196740395809,118.04979385913853,18.49166437771443,0.008149010477299184,8.192299237983587,12.865085130971323,True,True,True
Rat_assembly_Teddy,Entertainment/public assembly,2074.9,17468,0.0043319653442772665,10480,3494,3494,85.3436941836501,21.706227501287845,0.0,75.29662564396106,23.478039294449566,0.0,8.031409221902017,13.443635644658372,True,True,True
Rat_assembly_Kristy,Entertainment/public assembly,1082.4,17166,0.021545827633378978,10299,3433,3434,48.370025049516485,37.05559609414818,0.001223348479552604,51.188864298194524,37.67878925532073,0.00611531741409435,8.00758357771261,66.43297500423853,True,True,True
Bull_assembly_Vanessa,Entertainment/public assembly,12776.2,17511,0.0018809849521204125,10506,3502,3503,133.10713265947118,35.820694079391124,0.01570441436811147,135.95732229517557,35.735284036559754,0.022837567799029405,7.595860879563093,57.07932462567696,True,True,True
Eagle_assembly_Benny,Entertainment/public assembly,4642.8,17544,0.0,10526,3509,3509,49.24333784199727,21.20765168104728,0.006440948472412221,47.664559162154454,18.22018175877737,0.0005699629524080935,7.5286049928263985,30.581649794801642,True,True,True
Hog_assembly_Jasmine,Entertainment/public assembly,5314.1,17528,0.0009119927040583953,10516,3506,3506,85.0946058877225,25.383184466719776,0.0,88.02261551625786,24.68149965422122,0.0,7.4912053417576105,46.61161422708617,True,True,True
Panther_assembly_David,Entertainment/public assembly,2503.2,16909,0.03619471044231648,10145,3382,3382,53.44129089833817,35.534450113418785,0.1981784848305636,58.26695257244234,25.192394427853944,0.0,7.335663430613461,30.76850878638121,True,True,True
Bobcat_assembly_Adam,Entertainment/public assembly,2053.2,15222,0.13235294117647056,9133,3044,3045,70.36256368414136,19.17001904677311,0.0005912495072920772,75.33524899835797,18.154379174218462,0.0003284072249589491,7.2537738497186375,23.60263405561647,True,True,True
Lamb_assembly_Cherie,Entertainment/public assembly,4392.0,17544,0.0,10526,3509,3509,55.084921882124945,44.69794738403218,0.0,66.33246651467654,28.50032225584982,0.0,6.578538163558107,52.272126949384415,True,True,True
Wolf_assembly_Elaine,Entertainment/public assembly,6671.0,16808,0.04195166438668496,10084,3362,3362,35.408256485007136,19.437190958276666,0.00011899095668729176,33.57422665080309,20.768462487055512,0.0,6.1898479628520064,30.346316539648956,True,True,True
Fox_assembly_Sheldon,Entertainment/public assembly,4823.5,17423,0.0068969448244413645,10453,3485,3485,99.18880904551456,32.009714382203796,0.0,95.10656241032999,25.836461678902864,0.0,5.943077145333719,69.62754077362007,True,True,True
Gator_assembly_Blanca,Entertainment/public assembly,8573.8,17014,0.0302097583219334,10208,3403,3403,726.0124013870931,244.77824595457983,0.0,694.5796957096679,190.98386986839716,0.0,5.780272447469666,1.2694264543763438,True,True,True
Fox_assembly_Bradley,Entertainment/public assembly,75207.8,17193,0.020006839945280408,10315,3439,3439,145.02116617227944,73.34091527890442,0.030128540685162568,147.90226228554812,45.36636246971399,0.0011631288165164292,5.632869692532943,20.924550056962147,True,True,True
Lamb_assembly_Louis,Entertainment/public assembly,3373.0,17194,0.019949840401276786,10316,3439,3439,14.703858014423636,14.32161572537883,0.03355821798301733,23.066908810700788,16.968625643215933,0.013375981389938936,5.611392972181552,23.30717565305192,True,True,True
Fox_assembly_Tony,Entertainment/public assembly,7231.9,17542,0.0001139990880072439,10525,3508,3509,81.92915060996467,24.159135952200536,5.7006042640519895e-05,75.88133941293816,24.97232920352397,0.00028498147620404675,5.603446197991392,52.61833015385192,True,True,True
Fox_assembly_Renna,Entertainment/public assembly,16671.4,17485,0.0033629730962152493,10491,3497,3497,376.5396476980269,29.69899600331287,0.0,372.36844724049183,28.65299426941188,0.0,5.498177368269507,50.92630688750961,True,True,True
Cockatoo_assembly_Rodger,Entertainment/public assembly,7621.3,16082,0.08333333333333337,9649,3216,3217,85.48533607760228,24.17825398235303,0.0,76.82874053465963,19.043841730474455,0.0,5.460601315377387,45.75922886370117,True,True,True
Rat_assembly_Trudy,Entertainment/public assembly,1917.9,17263,0.016016871865025095,10357,3453,3453,36.96997856687714,18.760660186575585,5.792735909169901e-05,37.827633941500146,21.60533682883005,0.0002896032435563278,5.437337416156314,31.83933550400433,True,True,True
Bull_assembly_Brandon,Entertainment/public assembly,4140.1,17168,0.021431828545371623,10300,3434,3434,76.74196178937558,16.53953718316796,0.0,72.13846825859056,9.528799621753,0.0,5.361876832844575,14.229223511411448,True,True,True
Rat_assembly_Horace,Entertainment/public assembly,426.3,17433,0.006326949384404923,10459,3487,3487,26.10921126598979,19.03820147897685,0.0013766993632765446,29.330527674218523,22.441362125527544,0.0,5.239353161998268,37.620099170364654,True,True,True
Rat_assembly_Frieda,Entertainment/public assembly,3413.6,17468,0.0043319653442772665,10480,3494,3494,123.99387165101902,45.81380615176534,0.0,106.97557240984546,36.295284466845615,0.0,5.154446685878963,52.197582417582424,True,True,True
Cockatoo_assembly_Meredith,Entertainment/public assembly,8696.5,16104,0.08207934336525313,9662,3221,3221,67.01602552781918,21.556200436301694,0.0,89.14649953430612,19.6001442563119,0.0,5.095321113543948,32.019363938658806,True,True,True
Bull_assembly_Daryl,Entertainment/public assembly,1491.3,16714,0.04730962152302787,10028,3343,3343,33.55716764389135,15.84447798849896,0.022615771209764268,34.81633263535746,18.266033759479797,0.04516900987137302,4.821934317565532,12.37564405649512,True,True,True
Lamb_assembly_Katelyn,Entertainment/public assembly,4519.0,17194,0.019949840401276786,10316,3439,3439,26.555454652785855,22.994912091729006,0.0,29.903233469031694,21.078238029534432,0.0,4.810845534407028,28.612208034853985,True,True,True
Lamb_assembly_Elinor,Entertainment/public assembly,4598.0,17194,0.019949840401276786,10316,3439,3439,20.538072880074445,20.614640934271264,0.0,32.56121203838325,24.062340591328542,0.0,4.728188989751098,12.250179338430227,True,True,True
Rat_assembly_Lillie,Entertainment/public assembly,171.2,17166,0.021545827633378978,10299,3433,3434,12.841669579401142,16.20573829819114,0.0009320750320400792,12.737201514269074,17.099654892403496,0.00145602795573675,4.718445747800587,47.61132876712329,True,True,True
Cockatoo_assembly_Fernanda,Entertainment/public assembly,7074.8,15511,0.11588007295941627,9306,3102,3103,84.81707874411707,19.571818844160777,0.0,83.1998308411215,21.656177315142475,0.0,4.617797986359207,32.54696027820711,True,True,True
Lamb_assembly_Dillon,Entertainment/public assembly,5313.0,17194,0.019949840401276786,10316,3439,3439,20.597283383738514,21.08079847397136,0.00011631964638827499,33.516807211398664,22.65101490243338,0.0005815644082582146,4.5634729136163985,13.696208577805368,True,True,True
Bull_assembly_Goldie,Entertainment/public assembly,4864.1,17512,0.0018239854081167906,10507,3502,3503,57.35287231612609,19.229042918644396,0.017131110095934217,62.959463317156725,19.25922036016139,0.02312303739651727,4.404139120436907,30.440376389431364,True,True,True
Fox_assembly_Christie,Entertainment/public assembly,997.1,17543,5.699954400362195e-05,10525,3509,3509,20.871900473123183,12.301430426568908,0.0013680670352847289,20.370507267027644,15.0121423818666,0.0,4.314915351506456,18.780779753761973,True,True,True
Fox_assembly_Gary,Entertainment/public assembly,2261.7,17540,0.00022799817601459882,10524,3508,3508,91.65058551881414,16.067798451035443,0.0,98.10293899657924,16.278737440142013,0.0,4.061877152698048,18.281668946648438,True,True,True
Lamb_assembly_Dorothy,Entertainment/public assembly,5960.0,17544,0.0,10526,3509,3509,38.85726004901961,29.596893996978554,0.0,40.68292026218296,29.385553730999632,0.0,4.02820212338594,34.958491108071144,True,True,True
Rat_assembly_Jamie,Entertainment/public assembly,1047.4,17138,0.02314181486548106,10282,3428,3428,27.361300618508576,19.521437581802076,5.834986579530867e-05,26.38242998833139,18.64901756039628,0.0,3.9429759106933018,24.218781386066766,True,True,True
Cockatoo_assembly_Griselda,Entertainment/public assembly,2671.9,16119,0.08122435020519836,9671,3224,3224,38.29072834543085,13.123974472031088,0.0,41.37548076923076,13.99647428567147,0.0,3.88515625,20.86617341726809,True,True,True
Bear_assembly_Beatrice,Entertainment/public assembly,2802.0,17505,0.0022229822161422552,10503,3501,3501,42.9620556983719,15.632465900651026,0.0,40.206386232505,15.806577045074393,0.0,3.8848433707218866,19.160283905706827,True,True,True
Panther_assembly_Carrol,Entertainment/public assembly,595.7,17533,0.0006269949840401745,10519,3507,3507,21.977313705583754,17.301401837351428,0.1926082244909599,27.30572626176219,15.659316239610085,0.0,3.8534865058857304,21.738086236228625,True,True,True
Peacock_assembly_Russ,Entertainment/public assembly,5440.6,17389,0.008834929320565399,10433,3478,3478,139.39958116050374,19.862982652620037,0.0,140.45917616446235,12.814190070025049,0.0,3.828188592935726,31.64311667300599,True,True,True
Rat_assembly_Ezequiel,Entertainment/public assembly,1385.5,17516,0.0015959872321021917,10509,3503,3504,40.80038422014159,27.947491690000167,5.709065996802923e-05,36.446107305936074,29.502827258410793,0.0,3.5763764367816093,7.145068493150681,True,True,True
Rat_assembly_Aubrey,Entertainment/public assembly,570.3,17458,0.004901960784313708,10474,3492,3492,16.857589070913047,13.133202186410918,0.0005155229694123038,14.93098797250859,13.636828550812464,0.0,3.455487312572088,25.686972980112458,True,True,True
Fox_assembly_Cathy,Entertainment/public assembly,13386.0,17192,0.02006383948928414,10315,3438,3439,58.30997149837134,14.164705707029496,0.0,58.10751962779878,14.725306831443168,0.0,3.327584187408492,31.49035493863284,True,True,True
Rat_assembly_Kenya,Entertainment/public assembly,2141.9,17516,0.0015959872321021917,10509,3503,3504,64.68515186115552,25.38922448641291,0.0003425439598081754,61.71233447488585,21.299753930396296,0.0,3.300270114942529,20.12705596116212,True,True,True
Fox_assembly_Cindy,Entertainment/public assembly,3765.5,17530,0.0007979936160510404,10518,3506,3506,49.53737022247576,10.415812421821679,0.0,47.863705077010835,12.212891265178063,0.0,3.154270534175761,8.440300957592342,True,True,True
Fox_assembly_Lakeisha,Entertainment/public assembly,898.0,17537,0.0003989968080255757,10522,3507,3508,17.636748588698183,10.037711970720542,0.0006272452528938815,19.22158779931585,9.866087330161504,0.0008551881413911061,3.0836251435132027,15.977831924741862,True,True,True
Robin_assembly_Colleen,Entertainment/public assembly,5948.0,17457,0.00495896032831733,10474,3491,3492,47.03772478661855,15.577804072262005,0.0,47.307702147766314,16.32354755696892,0.0,3.0026595155709344,28.42870594971461,True,True,True
Rat_assembly_Erwin,Entertainment/public assembly,218.0,17143,0.022856817145462838,10285,3429,3429,15.921495654202882,10.57419601283342,0.0,20.632347623213768,11.355523965303282,0.0,2.981051395007342,20.982957919172733,True,True,True
Rat_assembly_Francine,Entertainment/public assembly,1603.7,17431,0.006440948472412167,10458,3486,3487,39.70125925076013,11.562477205957425,0.0005163214961849578,35.453751075423,10.643842613703843,0.0,2.9449177014149583,16.428310439560438,True,True,True
Peacock_assembly_Socorro,Entertainment/public assembly,4880.6,17532,0.0006839945280437965,10519,3506,3507,22.02709229979466,19.08119078165459,0.0,36.46519255774166,14.742218742609474,0.0,2.8296938845822566,15.950923640565987,True,True,True
Fox_assembly_Terrell,Entertainment/public assembly,4830.9,17463,0.004616963064295487,10477,3493,3493,48.37181125808853,21.88529457878772,0.007272519040256543,34.84124248496994,16.208319273962122,0.000572573718866304,2.7771692130296914,10.633104395604391,True,True,True
Rat_assembly_Monica,Entertainment/public assembly,4231.5,17445,0.0056429548563611265,10467,3489,3489,65.48667927773002,21.105792663692405,0.0,69.62773287474921,13.86362809647719,0.0,2.5652611832611836,18.03317744154058,True,True,True
Bear_assembly_Ruby,Entertainment/public assembly,11538.3,17504,0.002279981760145877,10502,3501,3501,69.33275551873858,13.229793386348826,0.0,76.42107017994859,9.412608626580013,0.0,2.4890231233822258,15.062001903527069,True,True,True
Rat_assembly_Viola,Entertainment/public assembly,3380.5,17515,0.0016529867761058137,10509,3503,3503,53.926532686268914,25.685166696871505,0.00011418783899514702,50.82972023979446,22.640437302200997,0.0,2.234449554469675,17.23712328767123,True,True,True
Rat_assembly_Aisha,Entertainment/public assembly,2211.4,17444,0.005699954400364748,10466,3489,3489,81.51026542077507,35.34118471970471,0.00022930520522815867,66.3802837489252,21.835421087068823,0.0,2.1922914862914866,24.612833562585962,True,True,True
Cockatoo_assembly_Genoveva,Entertainment/public assembly,1519.1,16108,0.08185134518923853,9664,3222,3222,14.726341463868886,6.443219866582194,0.0,13.403320918684047,5.676710572856392,0.0,2.045624890556598,11.898776304688175,True,True,True
Rat_assembly_Kimberley,Entertainment/public assembly,1912.3,17489,0.0031349749202006505,10493,3498,3498,66.05642689690663,18.345141234659234,0.0,63.56869639794168,14.133410653473097,0.0,2.0347985031663787,20.938907609513784,True,True,True
Rat_assembly_Silvia,Entertainment/public assembly,172.6,17143,0.022856817145462838,10285,3429,3429,10.915874701044158,5.5167592024816425,0.0,11.139507144940215,5.920200686143136,0.0,1.886323054331865,14.094943118750212,True,True,True
Rat_assembly_Dovie,Entertainment/public assembly,1481.8,17166,0.021545827633378978,10299,3433,3434,22.949277641850173,10.835846573680973,0.0,21.530666860803727,9.755434916868916,0.0,1.848099706744868,12.996704015251272,True,True,True
Rat_assembly_Adolfo,Entertainment/public assembly,1482.7,17488,0.0031919744642042724,10492,3498,3498,34.875267612076854,16.47799255771573,0.0,28.882046883933675,11.079520831671246,0.0,1.8438687392055269,21.735174205931063,True,True,True
Eagle_assembly_Estelle,Entertainment/public assembly,1723.4,17203,0.019436844505243966,10321,3441,3441,11.107423123873742,4.510571860121903,0.01040516189036796,11.0990990990991,4.392578058008875,0.0008718395815170009,1.839332748024583,7.341254605902992,True,True,True
Fox_assembly_Kathie,Entertainment/public assembly,1466.6,16906,0.03636570907432746,10143,3381,3382,11.361203123151544,6.37753549427559,0.0005323553767893056,11.446741573033707,6.121497714394519,0.0014784151389710231,1.6287552114353783,6.170395949183959,True,True,True
Cockatoo_assembly_Mimi,Entertainment/public assembly,1046.6,16116,0.08139534883720934,9669,3223,3224,3.7311026185157607,4.642721486507277,0.501861504095309,4.292292183622829,4.888268797414518,0.4785980148883375,1.5980676875,8.193863690174343,True,True,True
Bobcat_assembly_Camilla,Entertainment/public assembly,3696.4,15132,0.13748290013679887,9079,3026,3027,19.636139201691776,3.403601885426422,0.0,18.924758407664353,3.5765904526320105,0.0,1.4868470862470862,3.0260010273955196,True,True,True
Fox_assembly_Leeanne,Entertainment/public assembly,1932.8,17543,5.699954400362195e-05,10525,3509,3509,18.227593912101696,6.845318073042423,0.0005130251382317733,18.44167854089484,7.026951008167533,0.0,1.4473457675753227,5.368850889192885,True,True,True
Cockatoo_assembly_Evelyn,Entertainment/public assembly,1822.7,15742,0.1027131782945736,9445,3148,3149,6.792692586710711,3.497800477333282,0.00012704865963664082,6.82641841854557,4.164733760791462,0.0,1.437682624,4.0474280785537236,True,True,True
Rat_assembly_Trent,Entertainment/public assembly,329.3,17481,0.003590971272229848,10488,3496,3497,22.527338825010013,8.282464173161975,0.00022881986156398376,21.208541607091796,8.447160586816556,0.0,1.4108206161819752,7.02273093504575,True,True,True
Fox_assembly_Cecelia,Entertainment/public assembly,1591.6,17541,0.00017099863201097687,10524,3508,3509,16.73593124679323,10.254257295701803,5.7009292514679893e-05,19.374653747506414,11.376669041983446,0.00028498147620404675,1.3651649928263987,9.327441860465116,True,True,True
Bull_assembly_Dorethea,Entertainment/public assembly,3234.8,17163,0.021716826265389844,10297,3433,3433,19.007195711705414,6.443866416909556,0.013284390840762104,17.57937663850859,5.784473020833638,0.01893387707544422,1.353182751540041,9.463671228405566,True,True,True
Rat_assembly_Teodoro,Entertainment/public assembly,1645.2,16928,0.03511171910624711,10156,3386,3386,26.39323015122873,12.637500161679302,0.007915879017013232,17.663526284701714,10.539900209457775,0.014176018901358535,1.3447204045211183,11.92485506198139,True,True,True
Bull_assembly_Lesa,Entertainment/public assembly,1892.6,17511,0.0018809849521204125,10506,3502,3503,10.520301524755867,4.099823262736416,0.01758894409228485,11.245218384242078,4.324952246545004,0.03025977733371396,1.3193446392641563,7.234197852444577,True,True,True
Cockatoo_assembly_Pierre,Entertainment/public assembly,4941.9,16115,0.08145234838121296,9669,3223,3223,15.26946634191747,3.687692993087011,0.0,16.575209401179023,3.8583280017489563,0.0,1.1873371678649576,7.2910002550398065,True,True,True
Bull_assembly_Newton,Entertainment/public assembly,527.9,17103,0.025136798905608715,10261,3421,3421,3.318657545459861,2.224300584439971,0.09963164357130327,3.278573516515639,1.9938167674540264,0.05963168664133294,1.1810420959670298,1.8114458182535733,True,True,True
Rat_assembly_Ida,Entertainment/public assembly,1378.9,17424,0.0068399452804377425,10454,3485,3485,26.212291666666665,8.702921325634987,5.73921028466483e-05,25.173956958393116,8.079862445622743,0.0,1.17190118462872,6.751072219323625,True,True,True
Bear_assembly_Roxy,Entertainment/public assembly,1106.5,16725,0.04668262653898769,10035,3345,3345,14.90292965620329,8.902613747961535,5.979073243647235e-05,16.630388520179373,9.453520529768902,0.00029895366218236175,1.1594087323095452,4.1009251843110395,True,True,True
Rat_assembly_Kristine,Entertainment/public assembly,3673.5,16824,0.041039671682626566,10094,3365,3365,23.049430575368522,6.548404191308051,0.00041607227769852593,19.304050520059434,5.246454977792192,0.0008915304606240713,1.0828105357677342,8.800949465265731,True,True,True
Cockatoo_assembly_Tabitha,Entertainment/public assembly,1589.0,16107,0.08190834473324216,9664,3221,3222,12.10923821319923,3.7465380802162978,0.0,13.435557603972686,3.1271312806492255,0.0,1.0672530331457162,5.704411398676461,True,True,True
Rat_assembly_Deandre,Entertainment/public assembly,1106.5,17492,0.0029639762881896736,10495,3498,3499,28.918467871026753,11.130410839555363,0.0,25.919388396684766,10.166235145649058,0.0,1.0086446043165467,6.559108367626884,True,True,True
Fox_assembly_Audrey,Entertainment/public assembly,1108.8,17192,0.02006383948928414,10315,3438,3439,12.726771172638436,3.401786672217001,0.0,13.826749054957837,3.6339627826653063,0.0,0.9856983894582723,5.90511154739214,True,True,True
Rat_assembly_Ruth,Entertainment/public assembly,903.6,17438,0.006041951664386702,10462,3488,3488,6.185877967656841,4.77332798929399,0.0005734602592040372,6.69420871559633,4.113631387554837,0.0,0.9153695150115474,7.987005494505494,True,True,True
Rat_assembly_Rosemarie,Entertainment/public assembly,465.7,17445,0.0056429548563611265,10467,3489,3489,11.289240470048725,5.419578359265335,0.00040126110633419317,7.864772141014618,5.248555461747479,0.0,0.8613881673881673,1.4190233837689128,True,True,True
Rat_assembly_Jannie,Entertainment/public assembly,18051.1,17119,0.02422480620155043,10271,3424,3424,0.6076990478415795,2.0020347273622625,0.00023365850809042583,1.341553738317757,3.2033505264399396,0.0002920560747663551,0.8346588235294118,4.658482305171279,True,True,True
Lamb_assembly_Corliss,Entertainment/public assembly,2887.0,17544,0.0,10526,3509,3509,8.99542295371637,10.971779975114247,0.0026219790241678066,4.9755815616984895,9.417742191281366,0.0,0.7933657675753228,13.051985909712723,True,True,True
Hog_assembly_Edward,Entertainment/public assembly,1807.3,17194,0.019949840401276786,10316,3439,3439,1.7920280330347795,2.7343386049072973,0.6558101663370943,5.458461762140158,2.1070287503748015,0.0008723466123873219,0.7227584187408491,1.216158540361307,True,True,True
Rat_assembly_Gwen,Entertainment/public assembly,136.8,17445,0.0056429548563611265,10467,3489,3489,5.5006809974204645,2.3593667302292896,0.0006878761822871883,4.768641444539983,1.8572862842796536,0.0008598452278589854,0.5955411255411256,3.8225034387895467,True,True,True
Rat_assembly_Suzanne,Entertainment/public assembly,182.3,17468,0.0043319653442772665,10480,3494,3494,3.1121616670483174,1.660071488487386,0.003091367071215938,2.9867200915855747,1.39203077863978,0.00028620492272467084,0.5897867435158501,3.5985724002447097,True,True,True
Rat_assembly_Donny,Entertainment/public assembly,102.4,17030,0.029297765617875005,10218,3406,3406,2.4163987081620673,1.7737679046956,0.009512624779800352,1.8165443335290663,1.6214772581718615,0.007633587786259542,0.48191602602010647,5.382239761382129,True,True,True
Lamb_assembly_Cesar,Entertainment/public assembly,1422.0,17544,0.0,10526,3509,3509,10.162324954400363,11.976804701241338,0.0026219790241678066,3.759061242519236,8.727119334785868,0.0,0.47188215208034423,12.33344733242134,True,True,True
Lamb_assembly_Ossie,Entertainment/public assembly,1119.0,17376,0.009575923392612817,10425,3475,3476,3.500825730893186,4.238199017536063,0.0027624309392265192,2.7051669735327963,4.786266723982061,0.0,0.4024737833140209,3.845690492958426,True,True,True
Rat_assembly_Alex,Entertainment/public assembly,129.7,17266,0.01584587323301412,10359,3453,3454,6.366424186262019,4.3229561278307616,0.0,4.011189924724957,1.377601030883846,0.0,0.3988192419825073,3.419751968481025,True,True,True
Gator_assembly_Maurine,Entertainment/public assembly,278.7,16557,0.05625854993160051,9934,3311,3312,10.930505393489158,11.851372485234636,0.0014495379597753216,10.920264915458937,12.36764609449431,0.007246376811594203,0.39450288929440386,0.08066687502109637,True,True,True
Gator_assembly_Marjorie,Entertainment/public assembly,1599.8,16966,0.032945736434108475,10179,3393,3394,48.99964803725097,15.967626758681831,0.0,47.52912533883323,13.775820736378757,0.0,0.3629449554896142,0.04569205493193351,True,True,True
Lamb_assembly_Tasha,Entertainment/public assembly,443.0,17194,0.019949840401276786,10316,3439,3439,8.53696877980691,11.582522968774263,0.0013376759334651623,3.2326400697877293,6.303612202802014,0.0,0.3533407906295754,2.038347221588923,True,True,True
Rat_assembly_Victorina,Entertainment/public assembly,291.1,17390,0.008777929776561777,10434,3478,3478,1.685235192639448,1.296522889764715,0.02777458309373203,1.6838182863714777,1.1339763597454173,0.039677975848188614,0.30045165026056747,1.5163347258801807,True,True,True
Rat_assembly_Michel,Entertainment/public assembly,713.0,17166,0.021545827633378978,10299,3433,3434,14.347516602586506,10.321929497838944,0.0,10.742417006406525,8.17251011916705,0.0,0.2784281524926686,2.8630412412719277,True,True,True
Rat_assembly_Kelley,Entertainment/public assembly,83.4,17166,0.021545827633378978,10299,3433,3434,2.59208668297798,1.593333489116159,0.007398345566818129,2.925032032615026,1.934458477202923,0.013686662783925451,0.2729384164222874,0.7107307932055482,True,True,True
Rat_assembly_Archie,Entertainment/public assembly,74.4,17492,0.0029639762881896736,10495,3498,3499,3.0683077978504456,1.915244569312212,0.0033158015092613767,4.349002572163475,1.6456832790608658,0.0,0.27257553956834535,1.0693004115226334,True,True,True
Lamb_assembly_Walter,Entertainment/public assembly,1460.0,17194,0.019949840401276786,10316,3439,3439,2.500924363149936,3.74792319891804,0.002966150982901012,1.9788644954928758,4.063040308645924,0.0,0.2579970424597365,3.056515954172366,True,True,True
Gator_assembly_Gene,Entertainment/public assembly,864.3,16150,0.0794573643410853,9690,3230,3230,22.508361250773994,7.9719305614290885,0.010402476780185759,21.0477319504644,8.199853345961522,0.029721362229102165,0.24732255146600127,0.0009469430868733753,True,True,True
Rat_assembly_Pauline,Entertainment/public assembly,90.0,17119,0.02422480620155043,10271,3424,3424,1.605951282201063,1.4895150911261443,0.025118289619720777,1.15928738317757,1.2052121838353258,0.03008177570093458,0.23972941176470589,1.8603650559189706,True,True,True
Rat_assembly_Damaris,Entertainment/public assembly,1495.6,17467,0.0043889648882808885,10480,3493,3494,4.904419762981623,1.632988893922711,5.7250815824125495e-05,4.964685174585003,2.452952498488948,0.0,0.23421613832853022,1.3540377246549875,True,True,True
Gator_assembly_Kayleigh,Entertainment/public assembly,142.7,15945,0.09114227086183313,9567,3189,3189,6.6245088554405775,6.949946618466955,0.016556914393226718,8.15083979303857,8.797446580663621,0.03762935089369708,0.22980470774091633,0.06523791381743216,True,True,True
Fox_assembly_Jerrod,Entertainment/public assembly,94.9,16378,0.0664614683082535,9826,3276,3276,1.4094107949688606,0.5649132681208049,0.004335083648797167,1.3458150183150182,0.5199459103258339,0.006105006105006105,0.15477244772447724,0.6925244010764677,True,True,True
Rat_assembly_Pam,Entertainment/public assembly,516.0,17166,0.021545827633378978,10299,3433,3434,7.912944774554353,8.611504050187017,0.0018641500640801585,3.2391904484566107,0.709606671105996,0.0052417006406523005,0.15037536656891495,0.47378215413783575,True,True,True
Lamb_assembly_Jerry,Entertainment/public assembly,1037.0,17194,0.019949840401276786,10316,3439,3439,1.6816955391415611,2.31163282451282,0.13504710945678725,0.7028971212561792,1.1186258695014406,0.013085199185809828,0.14491950219619326,1.707408755129959,True,True,True
Gator_assembly_Regina,Entertainment/public assembly,919.2,15945,0.09114227086183313,9567,3189,3189,18.37935041705864,7.50659120897297,0.0,19.33917779868297,4.529187089290828,0.0,0.1321616429699842,0.9932900805143916,True,True,True
Bear_assembly_Diana,Entertainment/public assembly,121.2,15280,0.12904696762425905,9168,3056,3056,0.8567714463350786,0.3525720070703797,0.00013089005235602096,0.797316164921466,0.3486649982364731,0.0,0.12957935356200526,0.5608497880422132,True,True,True
Gator_assembly_Roy,Entertainment/public assembly,2461.5,16323,0.06959644322845415,9793,3265,3265,1.9680690865649695,4.743216640676032,0.7042823010476016,2.0780272281776417,5.215688270084605,0.7124042879019908,0.10502175254551065,0.03076722726094827,True,True,True
Gator_assembly_Loyce,Entertainment/public assembly,377.7,16557,0.05625854993160051,9934,3311,3312,21.252305955185122,4.489393276325946,0.0,21.021742028985503,4.2901997622287675,0.0,0.10368503649635037,0.02564267179907631,True,True,True
Gator_assembly_Enid,Entertainment/public assembly,499.8,16966,0.032945736434108475,10179,3393,3394,7.852590292349405,2.3876346184062776,0.0014145938936696923,7.6379633470830885,2.018187270914995,0.0,0.08165172106824925,0.019375986236921605,True,True,True
Gator_assembly_Lucia,Entertainment/public assembly,70.1,16127,0.08076835385316916,9676,3225,3226,5.720839511378434,1.8814067993382575,0.013393687604638185,5.5109508369497835,1.8125148987995512,0.029758214507129573,0.06870730793254216,0.0044330492424240475,True,True,True
Rat_assembly_Gerald,Entertainment/public assembly,615.5,16743,0.045656634746922053,10045,3349,3349,3.435475721196918,3.110406926438538,0.0320133787254375,0.7554493878769782,0.5976354943742337,0.12600776351149598,0.05474887218045114,2.230407809820501,True,True,True
Rat_assembly_Jennie,Entertainment/public assembly,192.0,17144,0.022799817601459216,10286,3429,3429,2.4365982267848807,2.1023301963180203,0.011957536164255716,0.6068358121901429,0.1554738273261895,0.0011665208515602217,0.05308663729809104,2.9805108221955154,True,True,True
Gator_assembly_Joni,Entertainment/public assembly,346.4,16321,0.06971044231646151,9792,3264,3265,3.7216590098645916,2.6111957712646143,0.0,2.9586585298621753,1.9310731033247712,0.0,0.035842949706880595,0.020113987647922382,True,True,True
Lamb_assembly_Kurt,Entertainment/public assembly,683.0,17535,0.0005129958960328196,10521,3507,3507,1.3525178557171371,1.4996295517121454,0.12905617336755063,0.11608962075848306,0.5849399996677843,0.02281151981750784,0.03494117140396211,1.2504470588235292,True,True,True
Lamb_assembly_Tawana,Entertainment/public assembly,882.0,17544,0.0,10526,3509,3509,4.069988337893297,3.336619020098224,0.06258549931600547,0.27105494442861217,1.110321255831117,0.006269592476489028,0.031449210903873745,1.7500683994528048,True,True,True
Lamb_assembly_Theresa,Entertainment/public assembly,990.0,17544,0.0,10526,3509,3509,2.6878344106247156,2.754480678730445,0.06281349749202006,0.2250363921345113,1.0061452014474654,0.006269592476489028,0.02536591104734577,2.963337893296854,True,True,True
Gator_assembly_Bailey,Entertainment/public assembly,34.0,16726,0.04662562699498407,10035,3345,3346,0.9136665789788353,0.6710961735877299,0.03587229463111324,1.4237662283323371,0.711569376610438,0.03586371787208607,0.022877543648404577,0.0013778685631122833,True,True,True
Gator_assembly_Selma,Entertainment/public assembly,274.6,16486,0.060305517555859556,9891,3297,3298,1.380866874924178,1.0295390358039418,0.033482955234744635,0.8947352941176471,0.5482524694889362,0.036385688295936934,0.014087904703726329,3.303796257925207e-05,True,True,True
Gator_assembly_Lilli,Entertainment/public assembly,60.2,16366,0.0671454628362973,9819,3273,3274,2.5790037516803124,0.7989003721605423,0.0,2.0119605986560782,0.5243212908345093,0.0,0.013807661538461538,0.0015577397791961545,True,True,True
Gator_assembly_Lera,Entertainment/public assembly,91.4,16533,0.0576265389876881,9919,3307,3307,0.24711219984273877,0.3745870268964542,0.45285187201354865,0.26976410644088294,0.4635950648286551,0.4644693075294829,0.013313767895217788,0.0058261913802923615,True,True,True
Gator_assembly_Lelia,Entertainment/public assembly,297.3,16391,0.06572047423620608,9834,3278,3279,3.5097313830760783,1.7836648455628772,0.0014642181685071076,1.8871969807868252,0.5368663280892937,0.0,0.013069708141321046,0.0018310193514037287,True,True,True
Gator_assembly_Milton,Entertainment/public assembly,48.3,15616,0.1098951208390333,9369,3123,3124,0.5592089651639344,0.5850220602507881,0.1290983606557377,0.6411081946222791,0.45855167863775587,0.05377720870678617,0.012513161290322582,0.004586098310291775,True,True,True
Lamb_assembly_Nicole,Entertainment/public assembly,642.0,17333,0.012026903784769671,10399,3467,3467,1.3539020077309178,1.7130568980343874,0.16252235619915767,0.04619622151716182,0.4063993580641213,0.0282665128353043,0.011908277664827185,1.8316862309267004,True,True,True
Gator_assembly_Daisy,Entertainment/public assembly,33.1,15984,0.08891928864569087,9590,3197,3197,2.782657357357358,0.9974579769941653,0.0,2.169206412261495,0.53940242170044,0.0,0.010794106523794518,0.0,True,True,True
Lamb_assembly_Isa,Entertainment/public assembly,690.0,17538,0.0003419972640218427,10522,3508,3508,1.7679293705097503,1.7234596914154101,0.005131713992473486,0.09424977194982895,0.43655241726367994,0.006271379703534778,0.009330970149253732,1.5684958904109587,True,True,True
Lamb_assembly_Steven,Entertainment/public assembly,506.0,17194,0.019949840401276786,10316,3439,3439,3.2715207281609864,3.612274461621847,0.0013376759334651623,0.07287656295434719,0.5689552214864496,0.0,0.00804814055636896,4.330997557027808,True,True,True
Lamb_assembly_Dorathy,Entertainment/public assembly,815.0,17233,0.01772685818513453,10339,3447,3447,1.973563802007776,2.171087337131934,0.004178030522834097,0.04480327821293879,0.29818861942883956,0.006382361473745286,0.0071079754601226985,1.2177315597899994,True,True,True
Gator_assembly_Virgie,Entertainment/public assembly,44.7,16486,0.060305517555859556,9891,3297,3298,0.39512074487443893,0.10438043577875321,0.0,0.3995844147968466,0.09286127609294867,0.0,0.0030927306047648134,0.006665154153049746,True,True,True
Gator_assembly_Alexa,Entertainment/public assembly,61.9,16654,0.05072959416324674,9992,3331,3331,0.2510470577639005,0.19511411315146965,0.2550738561306593,0.3210555688982287,0.12937387353970412,0.0,0.0023311158149380102,0.00015403624793858262,True,True,True
Gator_assembly_Stacy,Entertainment/public assembly,79.9,16064,0.08435932512539901,9638,3213,3213,0.1938711342131474,0.3970544070579645,0.15681025896414344,0.2742155929038282,0.45652187347524015,0.1157796451914099,0.0022083725305738476,0.002199502264462444,True,True,True
Eagle_food_Kay,Food sales and service,6491.7,17324,0.012539899680802602,10394,3465,3465,186.89050550681137,84.53740717882197,0.013391826368044332,200.94868418470415,83.9151382128567,0.0,21.72151455972101,169.74566538027022,True,True,True
Fox_food_Scott,Food sales and service,2681.4,17532,0.0006839945280437965,10519,3506,3507,73.79863620807666,28.494097220548763,0.00022815423226100844,78.05314228685486,28.47982175026237,0.00028514399771884804,8.040829744473156,59.001611041358245,True,True,True
Hog_food_Morgan,Food sales and service,3085.8,17544,0.0,10526,3509,3509,63.40516797765618,28.22731682663777,0.0,71.1404334568253,28.4823450125011,0.0,7.9590579626972735,44.27270930232557,True,True,True
Fox_food_Francesco,Food sales and service,2310.2,17541,0.00017099863201097687,10524,3508,3509,60.71331794082436,23.169632801142487,0.00011401858502935979,70.19439441436307,26.019622870163534,0.00028498147620404675,7.651655667144905,29.924536150377463,True,True,True
Eagle_food_Jennifer,Food sales and service,3307.8,17258,0.016301869585043316,10354,3452,3452,83.68074323212423,67.19973731745641,0.12423224012052382,68.4115378041715,67.80853254861952,0.4246813441483198,6.8659002917152865,62.044794212037964,True,True,True
Lamb_food_Sylvia,Food sales and service,3280.0,17194,0.019949840401276786,10316,3439,3439,9.290341421426078,13.927312847606633,0.06257996975689194,0.16162742076184944,1.0525814097952937,0.0,0.02126011713030747,3.770475506755453,True,True,True
Eagle_health_Athena,Healthcare,18040.6,17543,5.699954400362195e-05,10525,3509,3509,296.6386417830474,179.08532144303427,0.18098386820954226,357.9988600740952,132.02976640837977,0.0005699629524080935,41.84820659971306,185.0128979480164,True,True,True
Rat_health_Shane,Healthcare,41806.4,17317,0.012938896488828067,10390,3463,3464,1146.1684171623258,198.51673694514366,0.0,1011.9069774826789,149.218517466384,0.0,39.20695639534883,132.7909428655953,True,True,True
Mouse_health_Justin,Healthcare,17735.0,17194,0.019949840401276786,10316,3439,3439,723.0751005641504,269.026882600238,0.07706176573223217,516.6641302122711,431.8618415506513,0.38354172724629254,24.218562752562228,349.8612887385483,True,True,True
Eagle_health_Trisha,Healthcare,6376.6,17432,0.006383948928408545,10459,3486,3487,306.0836708352455,46.75442638841075,0.0,292.3313019787783,36.893725900326686,0.0,20.413367022812587,35.01715618735818,True,True,True
Rat_health_Guy,Healthcare,76141.2,17374,0.009689922480620172,10424,3475,3475,1464.6998733740072,284.6869022130878,0.0004604581558650858,1345.7858762589929,245.51425492433697,0.0011510791366906475,20.34999710228919,111.03082872928167,True,True,True
Eagle_health_Reba,Healthcare,19089.0,17361,0.01043091655266759,10416,3472,3473,409.7719520764933,64.89026938393067,0.0,458.2671004894904,61.86629759712956,0.0,17.076694694114234,89.72431521915388,True,True,True
Eagle_health_Lucinda,Healthcare,1161.3,17401,0.008150934792521713,10440,3480,3481,572.2552152175163,57.34606131364192,0.0,595.9273197357081,45.84048824465987,0.0,14.142319930575644,14.98080984404055,True,True,True
Eagle_health_Jodi,Healthcare,22083.4,17194,0.019949840401276786,10316,3439,3439,179.91670874142142,44.168499550132914,0.0,173.08544928758357,41.78577051109861,0.0,12.725361727672036,91.30492381898316,True,True,True
Mouse_health_Estela,Healthcare,17193.0,17194,0.019949840401276786,10316,3439,3439,355.4201170117483,136.95618771684138,0.07607304873793183,225.74004070950858,192.05190336025336,0.3800523407967432,12.469106881405564,206.6599078578779,True,True,True
Eagle_health_Reuben,Healthcare,12083.6,17289,0.014534883720930258,10373,3458,3458,223.31896796807217,44.27736511627483,0.0,206.38306454598035,40.04769231185077,0.0,11.43779111822947,68.80660992941733,True,True,True
Eagle_health_Amy,Healthcare,5238.6,17194,0.019949840401276786,10316,3439,3439,80.5446414097941,34.44740713451925,0.0023263929277654995,82.55831378307649,34.50220636571199,0.0,9.140121669106883,79.92826732845788,True,True,True
Mouse_health_Modesto,Healthcare,17993.0,17540,0.00022799817601459882,10524,3508,3508,482.29690050741164,266.16538523717213,0.09458380843785633,199.28466704675031,198.20442290664064,0.47206385404789053,7.4499543628013765,117.62043795569957,True,True,True
Eagle_health_Vincenza,Healthcare,3284.5,17194,0.019949840401276786,10316,3439,3439,53.94725529254391,20.503304527905087,0.0008723973479120623,53.68666426286711,21.025270277700937,0.0002907822041291073,5.670707964860908,46.71589964799589,True,True,True
Hog_health_Jenny,Healthcare,6916.0,17521,0.00131098951208386,10512,3504,3505,181.71911083842247,32.94529784952884,0.0,180.56716462196863,32.64784123903433,0.0,5.668360241309967,55.94635611727685,True,True,True
Hog_health_Hisako,Healthcare,11295.6,17474,0.003989968080255313,10484,3495,3495,206.45369617717753,27.877262065607873,0.0,198.02603576537913,26.727286581654546,0.0,5.380856813598388,55.2292055983751,True,True,True
Hog_health_Kesha,Healthcare,10757.1,17519,0.0014249886000912149,10511,3504,3504,246.1941943604087,29.70421393055758,0.0,245.32022745433792,28.53855763939212,0.0,5.246398275862069,57.203356321796036,True,True,True
Rat_health_Tanya,Healthcare,2712.0,17511,0.0018809849521204125,10506,3502,3503,51.3783576037919,23.107956870785593,0.0,51.34308021695689,8.847144891291629,0.0,3.0977867203219316,14.373602288742326,True,True,True
Fox_health_Lorena,Healthcare,3428.5,17172,0.021203830369357024,10303,3434,3435,41.12876950850221,11.994266625487436,0.0005823433496389472,39.267994177583695,11.024825067413516,0.0,2.9129023746701845,23.59636872306619,True,True,True
Eagle_health_Margo,Healthcare,2379.2,17194,0.019949840401276786,10316,3439,3439,55.35584430615331,14.843476989782815,0.049028730952657903,52.38271369584182,18.70888573250423,0.09741203838325095,2.3315057979502196,18.893556952408794,True,True,True
Rat_health_Gaye,Healthcare,2220.7,17287,0.014648882808937502,10372,3457,3458,37.4723908139064,11.735631300662353,0.0,37.38588201272412,10.358624704664345,0.0,2.285259172976121,14.005925697865354,True,True,True
Rat_health_Rosaria,Healthcare,1393.5,17492,0.0029639762881896736,10495,3498,3499,31.01625714612394,14.650697475639735,0.0001143379830779785,31.25426121749071,14.929465359302645,0.0,2.2191366906474816,14.655637860082301,True,True,True
Eagle_health_Gregoria,Healthcare,18580.6,17194,0.019949840401276786,10316,3439,3439,440.6172275910202,254.93882617894636,0.24334070024427126,98.14253559174178,216.26645777065465,0.8281477173596976,2.1476582137628113,222.10321792772373,True,True,True
Lamb_health_Ken,Healthcare,1716.0,17544,0.0,10526,3509,3509,16.415813360693114,11.39506292182416,0.0,19.52249447135936,8.489229694386987,0.0,2.1348943758967,12.436497948016417,True,True,True
Mouse_health_Ileana,Healthcare,5399.0,17355,0.010772913816689433,10413,3471,3471,39.31947508498992,23.49446219556012,0.09541918755401901,18.72630365888793,21.810721532013346,0.47709593777009507,1.669277632724108,27.75153507841351,True,True,True
Rat_health_Mildred,Healthcare,911.7,17355,0.010772913816689433,10413,3471,3471,17.76286430423509,7.372880996004271,0.0,17.177761452031117,6.765521222693554,0.0,1.55084711343197,8.898891966759006,True,True,True
Bull_lodging_Travis,Lodging/residential,69275.1,17170,0.02131782945736438,10302,3434,3434,830.8294991263832,148.27972434436867,0.009202096680256261,821.5564938846826,150.80761187973786,0.010774606872451952,27.083870967741934,167.31232492997196,True,True,True
Cockatoo_lodging_Tessie,Lodging/residential,15727.5,16115,0.08145234838121296,9669,3223,3223,228.54340985417315,68.38057340802892,0.0,253.03294545454548,67.75360887847248,0.0,17.94749646764614,104.14018126235933,True,True,True
Cockatoo_lodging_Elvia,Lodging/residential,13962.8,16115,0.08145234838121296,9669,3223,3223,257.338902147068,59.93111973000982,0.0,254.84351793360224,63.852800764663925,0.0,15.397929040325101,135.1687410730696,True,True,True
Cockatoo_lodging_Kyle,Lodging/residential,13275.9,16119,0.08122435020519836,9671,3224,3224,232.16315011477138,61.78950578759078,0.0,251.02827493796528,65.81716127925915,0.0,15.057375,98.73144008011815,True,True,True
Fox_lodging_Helen,Lodging/residential,51394.9,17541,0.00017099863201097687,10524,3508,3509,354.0397086825152,83.9165725252991,0.0,328.71222285551437,71.56612535864413,0.0,14.4631649928264,117.26320109439126,True,True,True
Bear_lodging_Evan,Lodging/residential,17205.6,17155,0.02217282261741904,10293,3431,3431,175.58017101719616,48.40029731103351,0.0,172.0695565141358,44.80047190712419,0.0,14.415497857352511,123.60902359823243,True,True,True
Hog_lodging_Shanti,Lodging/residential,24355.1,17535,0.0005129958960328196,10521,3507,3507,265.5202733162247,75.07966146399843,0.0,266.7398887938409,68.44527591856067,0.0,14.211392477749067,84.53250650263291,True,True,True
Bull_lodging_Dave,Lodging/residential,21733.4,17462,0.004673962608299109,10477,3492,3493,322.625214752033,73.75321896534966,0.01454587103424579,339.1086458631549,82.99255451567447,0.020326367019753794,14.017296050735082,98.36213991769546,True,True,True
Hog_lodging_Retha,Lodging/residential,17389.0,17156,0.02211582307341542,10293,3431,3432,359.06153963627884,59.924474252171485,0.0,357.0120521561771,59.3092508978441,0.0,13.92251144366197,68.60506703910619,True,True,True
Bull_lodging_Melissa,Lodging/residential,27992.3,17207,0.019208846329229368,10324,3441,3442,251.80313244609752,41.755954486265246,0.0,265.45046484601977,47.073902498239775,0.0,13.05061439438268,65.99591538168946,True,True,True
Peacock_lodging_Jamaal,Lodging/residential,25900.9,17533,0.0006269949840401745,10519,3507,3507,216.1793368162893,50.64495196123572,0.0,189.27162788708299,43.257193374962014,0.0,11.839090869939705,97.64295143638847,True,True,True
Cockatoo_lodging_Lynne,Lodging/residential,12683.3,16119,0.08122435020519836,9671,3224,3224,127.35484986041317,34.55938519435316,0.0,133.65691684243174,37.01281736736821,0.0,11.6355573125,71.49908123202157,True,True,True
Fox_lodging_Wallace,Lodging/residential,5885.2,17531,0.0007409940720474184,10518,3506,3507,350.8315310022246,62.61365091716545,0.0,367.3186683775307,63.602202918651415,0.0,11.317795004306634,94.0646399003054,True,True,True
Eagle_lodging_Terri,Lodging/residential,7422.9,17194,0.019949840401276786,10316,3439,3439,101.17475695009887,37.21595361905719,0.045132022798650695,109.07911491712707,32.41881823099567,0.0014539110206455365,11.129002459736457,10.688392171343295,True,True,True
Hog_lodging_Francisco,Lodging/residential,14592.3,17544,0.0,10526,3509,3509,161.19169858641132,52.369478487829035,0.0,167.01978911370762,50.71475207727912,0.0,10.684010616929699,84.46612175102601,True,True,True
Bobcat_lodging_Darin,Lodging/residential,8220.1,16457,0.06195850433196537,9874,3291,3292,130.81302442121896,33.6014308497051,0.0,135.72873633049818,36.325047013953856,0.0,10.125,57.94605702176919,True,True,True
Rat_lodging_Ben,Lodging/residential,32516.0,17343,0.01145690834473323,10405,3469,3469,328.51833765784465,108.38168513513273,0.0,318.17110694724704,100.81018591056922,0.0,9.427965166908564,85.39749654218531,True,True,True
Hog_lodging_Ora,Lodging/residential,21678.1,17543,5.699954400362195e-05,10525,3509,3509,220.7484666818674,62.67369717981276,0.0,275.2190139640923,60.94393247436381,0.0,9.302430416068868,70.89049247606022,True,True,True
Cockatoo_lodging_Josephine,Lodging/residential,7287.1,16019,0.08692430460556311,9611,3204,3204,80.60455137649042,28.949012022835955,0.0,87.17067209737827,31.27422436357062,0.0,9.154145660377358,43.88830142815085,True,True,True
Fox_lodging_Angla,Lodging/residential,20115.9,17542,0.0001139990880072439,10525,3508,3509,117.8253625584312,41.06510950482771,0.0009691027248888382,128.22941008834425,39.703541704071334,0.0,9.11957532281205,61.78707250341998,True,True,True
Fox_lodging_Alana,Lodging/residential,6938.2,17538,0.0003419972640218427,10522,3508,3508,201.80244839776483,39.65909977931147,0.0,211.33044184720637,43.42877039091483,0.0,8.573915040183698,60.449302325581385,True,True,True
Robin_lodging_Elmer,Lodging/residential,9565.0,17427,0.006668946648426766,10456,3485,3486,94.30314654272107,29.09401719394593,0.0,98.43805817555938,30.415668572670413,0.0,8.544162738301559,62.17050110090548,True,True,True
Cockatoo_lodging_Homer,Lodging/residential,12046.2,16119,0.08122435020519836,9671,3224,3224,265.4915472361809,34.87168164059727,0.0,274.768724162531,34.006843244157324,0.0,8.531375,63.59414426583817,True,True,True
Robin_lodging_Renea,Lodging/residential,9548.0,17442,0.005813953488372103,10465,3488,3489,90.39656027978442,25.24906683955738,0.0,86.89232728575523,27.567291181618305,0.0,8.501888773448773,59.518273111939244,True,True,True
Cockatoo_lodging_Raphael,Lodging/residential,7724.0,16114,0.08150934792521658,9668,3223,3223,95.70417132927888,30.169023882780312,0.0,106.89628451753025,30.288406485768267,0.0,8.158760550171928,46.83885209806391,True,True,True
Hog_lodging_Hal,Lodging/residential,14241.9,17481,0.003590971272229848,10488,3496,3497,147.17618637377726,55.625449137903914,0.0,174.59380183014008,47.61420087771936,0.0,7.877638353008925,38.972380837012736,True,True,True
Panther_lodging_Marisol,Lodging/residential,18667.3,17184,0.020519835841313228,10310,3437,3437,134.84643921671324,65.32705878517481,0.17621042830540037,157.6401092522549,20.828949752171166,0.0,7.613422795194843,58.7263273530685,True,True,True
Bull_lodging_Caren,Lodging/residential,16509.6,17511,0.0018809849521204125,10506,3502,3503,139.68751070755525,35.71736074887651,0.016104163097481583,126.32700542392236,34.11583626593594,0.022837567799029405,7.494969818913481,37.95748177576225,True,True,True
Eagle_lodging_Tressa,Lodging/residential,5032.7,17338,0.01174190606475145,10402,3468,3468,65.0422770792479,12.860301624717072,0.0,57.79008073817762,13.131852621800116,0.0,7.477932636469222,15.228808864265936,True,True,True
Robin_lodging_Janie,Lodging/residential,6193.0,17544,0.0,10526,3509,3509,118.7833542122663,61.41458717263872,0.0,105.17319526930748,55.55812781079721,0.0,7.35665767575323,44.08288905608758,True,True,True
Peacock_lodging_Sergio,Lodging/residential,10498.0,17534,0.0005699954400364415,10520,3507,3507,96.21369249458195,21.334759840657544,0.0,89.09197792985458,19.89061714633451,0.0,7.333991817398794,39.20562735978112,True,True,True
Peacock_lodging_Wes,Lodging/residential,9828.3,17533,0.0006269949840401745,10519,3507,3507,161.8103606000114,32.42546793588161,0.0,139.79823649843172,26.727529201371368,0.0,7.286457507895491,51.343283341079,True,True,True
Panther_lodging_Kirk,Lodging/residential,18667.3,17182,0.020633834929320582,10309,3436,3437,126.70070696659295,61.0466762686744,0.15900360842742406,155.85013613616525,23.38393394993315,0.0,7.242607031936713,51.50766841365106,True,True,True
Panther_lodging_Kara,Lodging/residential,18667.3,17182,0.020633834929320582,10309,3436,3437,145.11583308113143,70.58242511755184,0.17448492608543825,172.71150165842303,28.485635894657143,0.0,7.236462349838851,69.65938336446608,True,True,True
Hog_lodging_Mauricio,Lodging/residential,16251.0,17543,5.699954400362195e-05,10525,3509,3509,223.59824431397138,70.30447050499558,5.700279313686371e-05,219.88315759475634,74.18250601787463,0.0,6.763271162123386,47.8358413132695,True,True,True
Hog_lodging_Shonda,Lodging/residential,21437.1,17540,0.00022799817601459882,10524,3508,3508,108.50125427594071,22.441266268241566,0.0,113.4327251995439,23.441848787101325,0.0,6.747703788748565,38.92339261285909,True,True,True
Hog_lodging_Brian,Lodging/residential,12876.5,17544,0.0,10526,3509,3509,105.50039899680803,29.230010685810615,5.699954400364797e-05,111.14961527500712,28.540484622066547,0.0,6.498708751793401,37.63474692202463,True,True,True
Peacock_lodging_Lou,Lodging/residential,11895.7,17534,0.0005699954400364415,10520,3507,3507,117.82240594844303,17.35374556440929,0.0,108.91048850869689,16.20344540000772,0.0,6.473676399655469,30.487230506155953,True,True,True
Eagle_lodging_Stephanie,Lodging/residential,6967.7,17335,0.011912904696762427,10401,3467,3467,79.33054513989039,15.354914686798097,0.0,82.73781367176232,16.61127421666183,0.0,6.336625036305548,21.216094494189377,True,True,True
Cockatoo_lodging_Javier,Lodging/residential,12411.3,16119,0.08122435020519836,9671,3224,3224,93.56474916558099,22.43465418485592,0.0,95.00967227047146,24.159326995249035,0.0,6.2281119375000005,30.504386470936822,True,True,True
Cockatoo_lodging_Cletus,Lodging/residential,15497.5,16114,0.08150934792521658,9668,3223,3223,83.6614114062306,19.50507313475646,0.00037234702742956435,86.40888926466026,18.677044342876464,0.00031026993484331366,6.14180731478587,24.532124311478313,True,True,True
Eagle_lodging_Casey,Lodging/residential,6132.8,17337,0.011798905608755184,10402,3467,3468,78.04106068523966,19.35791674095935,0.0,81.22217935409458,23.266277329010606,0.0,5.7979604529616715,23.17328048488092,True,True,True
Cockatoo_lodging_Jimmie,Lodging/residential,2766.2,15217,0.13263793889648878,9130,3043,3044,183.58276982322403,23.037990805034703,0.0,180.62626478318,22.41588404031668,0.0,5.767602119205297,37.24921379756833,True,True,True
Panther_lodging_Cora,Lodging/residential,17433.0,17183,0.02057683538531696,10309,3437,3437,111.53721667345631,54.84048798223144,0.17406739218995518,137.81300739016584,19.91439254818626,0.0,5.701950864342221,54.16531442883003,True,True,True
Cockatoo_lodging_Albert,Lodging/residential,9162.5,16118,0.08128134974920198,9670,3224,3224,70.86044483806924,16.284418127878723,0.0,80.41185381513647,12.773772177053392,0.0,5.6112395625,16.150556929320707,True,True,True
Eagle_lodging_Dawn,Lodging/residential,5785.9,17212,0.018923848609211147,10327,3442,3443,74.39892770741343,17.464158507697544,0.0,76.24274597734534,21.071450053351555,0.0,5.597432231646679,22.36129774712643,True,True,True
Eagle_lodging_Edgardo,Lodging/residential,5392.2,17544,0.0,10526,3509,3509,49.491401618787044,15.404512885469996,0.010202918376652987,51.073371330863495,16.870637588961085,0.0008549444286121402,5.504510760401722,16.89961696306429,True,True,True
Hog_lodging_Celeste,Lodging/residential,10874.7,17542,0.0001139990880072439,10525,3508,3509,95.88364616349334,21.292020918446678,0.0,100.76820433171842,21.586905549229687,0.0,5.463569870875179,28.430259917920665,True,True,True
Cockatoo_lodging_Olga,Lodging/residential,3758.0,16119,0.08122435020519836,9671,3224,3224,68.96781954835907,33.35567877519465,0.0,78.19065344292804,29.132722211039212,0.0,5.3018333124999995,15.352269848510687,True,True,True
Eagle_lodging_Andy,Lodging/residential,6205.4,17544,0.0,10526,3509,3509,54.74519624943,16.683499268106285,0.004160966712266302,55.27066537475064,17.977391474939008,0.00028498147620404675,5.253696585365854,17.24422640218878,True,True,True
Panther_lodging_Floyd,Lodging/residential,3969.8,17533,0.0006269949840401745,10519,3507,3507,127.33318331146981,70.34819185215865,0.1926082244909599,164.4477490447676,43.96088807286593,0.0,5.008718403674992,27.442451299589592,True,True,True
Peacock_lodging_Terrie,Lodging/residential,4367.1,17500,0.002507979936160476,10500,3500,3500,40.217140085714284,8.757448437076341,0.0,32.57189545714286,7.243160064821702,0.0,4.9747361910241645,11.933458590300091,True,True,True
Fox_lodging_Stephen,Lodging/residential,8019.7,17539,0.00028499772001822077,10523,3508,3508,82.22202805177035,16.951422646579964,0.0,85.97272805017103,15.041824034815203,0.0,4.832115384615385,21.707441860465124,True,True,True
Eagle_lodging_Trina,Lodging/residential,5320.9,17544,0.0,10526,3509,3509,46.79557398540811,15.111386580658406,0.010202918376652987,46.7293245939014,17.540890127772197,0.0008549444286121402,4.773472022955524,15.581559507523941,True,True,True
Cockatoo_lodging_Lana,Lodging/residential,4541.2,16103,0.08213634290925675,9661,3221,3221,33.676104868658015,9.007424939071925,0.0,35.71896150263893,7.974478445776273,0.0,4.712264122614952,10.61739904736407,True,True,True
Panther_lodging_Sonja,Lodging/residential,7746.2,17532,0.0006839945280437965,10519,3506,3507,91.53453365274926,51.141125607542286,0.19261921058635637,119.07958032506416,27.707137964397628,0.0,4.67000783807063,23.207899452804384,True,True,True
Panther_lodging_Anastasia,Lodging/residential,2272.0,17532,0.0006839945280437965,10519,3506,3507,41.632961864020075,22.79378949680312,0.19261921058635637,50.594765611633875,10.503665128305041,0.0,4.62150766580534,6.570459917920658,True,True,True
Robin_lodging_Pricilla,Lodging/residential,4607.0,17544,0.0,10526,3509,3509,62.702838468992255,28.676167951076568,0.00011399908800729594,60.51450555713878,26.565363920894093,0.0,4.584984275466284,27.085499316005475,True,True,True
Bull_lodging_Jeremiah,Lodging/residential,5326.5,17508,0.0020519835841312783,10504,3502,3502,58.09846927119031,19.763819570784612,0.01724925748229381,61.4438892061679,21.3892978586638,0.023129640205596803,4.5301897642323175,27.384847122048328,True,True,True
Robin_lodging_Celia,Lodging/residential,7721.0,17495,0.0027929776561786968,10497,3499,3499,51.381862354958564,18.08859760530781,0.0,49.130038468133755,19.50396247188135,0.0,4.521885179856115,42.23907590827672,True,True,True
Panther_lodging_Jana,Lodging/residential,3969.8,17534,0.0005699954400364415,10520,3507,3507,67.30161867799704,39.90741818797605,0.19259723964868256,83.34275634445396,27.693180143154265,0.0,4.447921303474017,22.496381668946654,True,True,True
Bull_lodging_Hugo,Lodging/residential,8062.7,17210,0.01903784769721839,10326,3442,3442,71.7101975595584,14.342344266755754,0.0,75.35241138872749,15.428355206844785,0.0,4.414277355178467,18.794404447457204,True,True,True
Cockatoo_lodging_Emory,Lodging/residential,15681.2,16112,0.08162334701322393,9667,3222,3223,80.3987017999007,19.858029048202752,0.0001861966236345581,86.57015463853553,18.888141167902646,0.0,4.304696780243827,20.63338568200311,True,True,True
Panther_lodging_Tracie,Lodging/residential,4935.9,17533,0.0006269949840401745,10519,3507,3507,45.84850431186904,28.969066851115805,0.1926082244909599,56.14964396920445,19.977042644881234,0.0,4.290778351995406,37.04671069261473,True,True,True
Peacock_lodging_Chloe,Lodging/residential,4120.4,17505,0.0022229822161422552,10503,3501,3501,32.07880861468152,10.430567846805456,0.00011425307055127106,27.942616623821767,9.408907300936777,0.0,4.23453143514524,14.309727694157882,True,True,True
Hog_lodging_Nikki,Lodging/residential,6929.1,17437,0.006098951208390324,10462,3487,3488,58.44168119515973,16.86829516989007,0.0,62.35127236238532,17.69144322978029,0.0,4.100151270207853,21.458450079030555,True,True,True
Panther_lodging_Edmond,Lodging/residential,4935.9,17533,0.0006269949840401745,10519,3507,3507,35.30822437688929,22.56214980724719,0.1926082244909599,45.08084134587967,16.422362586348985,0.0,4.0758366350846975,17.50241983584131,True,True,True
Panther_lodging_Hattie,Lodging/residential,3594.0,17532,0.0006839945280437965,10519,3506,3507,113.52050083276293,61.63427601095109,0.19256217202829112,126.4306248360422,29.85514580902003,0.0,4.073872006890611,22.6818049247606,True,True,True
Fox_lodging_Jina,Lodging/residential,9888.6,17528,0.0009119927040583953,10516,3506,3506,141.97131047466908,22.765012941792534,0.0,138.41464632059328,22.340620544224763,0.0,4.010548535324526,24.317823210838952,True,True,True
Panther_lodging_Blaine,Lodging/residential,3594.0,17532,0.0006839945280437965,10519,3506,3507,61.07061197809719,35.5443587990079,0.19261921058635637,77.69477707442257,23.322007860646334,0.0,4.010190094745909,15.293508891928866,True,True,True
Bull_lodging_Perry,Lodging/residential,6480.4,17239,0.017384860921112577,10343,3448,3448,52.91585938859563,10.224347508736992,0.0,55.34904292343388,12.136097151572391,0.0,3.9304906542056073,12.581589958158993,True,True,True
Panther_lodging_Edison,Lodging/residential,6072.0,17533,0.0006269949840401745,10519,3507,3507,83.79517711173214,46.691978193789126,0.1926082244909599,101.00089942971202,27.9331460266153,0.0,3.697327103072064,16.49182831737346,True,True,True
Robin_lodging_Oliva,Lodging/residential,6013.0,17542,0.0001139990880072439,10525,3508,3509,54.80128846767757,18.35878252162585,0.0,54.275833513821595,19.337162969983908,0.0,3.613008952654232,29.783503829055796,True,True,True
Rat_lodging_Christine,Lodging/residential,2906.3,17492,0.0029639762881896736,10495,3498,3499,62.18165046878574,25.26470946982623,0.0,49.6916661903401,23.581429956792682,0.0,3.6076633093525183,21.026702818769657,True,True,True
Robin_lodging_Dorthy,Lodging/residential,5842.9,17414,0.007409940720474184,10448,3483,3483,31.253139473986444,10.068928301189704,0.0,31.20219589434396,9.950655917097254,0.0,3.525367100318011,28.224285620915037,True,True,True
Panther_lodging_Dianna,Lodging/residential,2272.0,17532,0.0006839945280437965,10519,3506,3507,41.81474972621493,22.966496975314826,0.19261921058635637,54.38982899914456,11.286314235749726,0.0,3.4309457364341087,8.390567305061552,True,True,True
Peacock_lodging_James,Lodging/residential,7702.7,17471,0.00416096671226629,10482,3494,3495,60.25354846889131,13.524704872704016,0.0,52.5226329899857,10.690206302692156,0.0,3.4114505041774708,16.77811690073078,True,True,True
Fox_lodging_Frances,Lodging/residential,10340.5,17474,0.003989968080255313,10484,3495,3495,99.32501888520086,14.749758906943734,0.0,102.13218597997138,10.646464506808776,0.0,3.3334745030250645,18.232547176753627,True,True,True
Mouse_lodging_Vicente,Lodging/residential,3489.0,17544,0.0,10526,3509,3509,41.447504280665754,18.780288423135815,0.09439124487004104,24.987175833570817,26.15349403404454,0.4719293245939014,3.317073170731707,21.299589603283174,True,True,True
Peacock_lodging_Matthew,Lodging/residential,8686.4,17534,0.0005699954400364415,10520,3507,3507,59.58106391582069,9.514116053850064,0.0,55.82806786427145,7.7784585571973075,0.0,3.2914291128337636,12.827926812585495,True,True,True
Panther_lodging_Janice,Lodging/residential,2272.0,17532,0.0006839945280437965,10519,3506,3507,44.60907930070728,24.009502226574714,0.19261921058635637,55.82358169375535,12.386662730076642,0.0,3.210357909847832,5.596701915184681,True,True,True
Cockatoo_lodging_Aimee,Lodging/residential,1966.6,16114,0.08150934792521658,9668,3223,3223,33.696541820776964,7.666710443259698,0.0,37.90663201985727,6.622222213439281,0.0,3.1783734291966237,9.260096870342775,True,True,True
Panther_lodging_Kaitlin,Lodging/residential,4935.9,17532,0.0006839945280437965,10519,3506,3507,39.42904442162903,25.043952273375897,0.19256217202829112,49.35862734530939,20.104375550119617,0.0,3.1579448751076655,23.03828164511474,True,True,True
Cockatoo_lodging_Jarrod,Lodging/residential,6100.3,16098,0.08242134062927498,9658,3220,3220,59.18660858491738,31.678348204850554,0.03901105727419555,14.339888726708073,15.569261212242457,0.19503105590062111,3.152289299123905,8.919548272551282,True,True,True
Peacock_lodging_Mathew,Lodging/residential,8669.1,17505,0.0022229822161422552,10503,3501,3501,54.61152594115968,12.490170693553825,0.0005712653527563553,50.749581376749504,11.810933458169444,0.0,3.1307402358354905,15.0699222103839,True,True,True
Bull_lodging_Carie,Lodging/residential,3683.5,17198,0.019721842225262187,10318,3440,3440,55.18804512152576,7.5054864689464456,0.0,56.81235465116279,7.400053522106209,0.0,3.1097775175644027,10.403948992184283,True,True,True
Panther_lodging_Alita,Lodging/residential,5582.4,17533,0.0006269949840401745,10519,3507,3507,58.555248662522104,31.570012375243977,0.1926082244909599,78.00484485315086,14.571818456556464,0.0,2.991073442434683,13.206925854993152,True,True,True
Bear_lodging_Erick,Lodging/residential,6688.5,17457,0.00495896032831733,10474,3491,3492,48.386927347195964,15.203202558554546,0.0,48.049513402061855,13.760894604267879,0.0,2.933205017301038,15.271127571807504,True,True,True
Bobcat_lodging_Melaine,Lodging/residential,3294.8,16492,0.05996352029183771,9895,3298,3299,42.58423154862963,8.756318350502069,0.0,44.96529702940284,8.726057964049538,0.0,2.8349477862595425,10.235116268791117,True,True,True
Rat_lodging_Dwight,Lodging/residential,1432.6,17165,0.0216028271773826,10299,3433,3433,23.13773376055928,11.56416336532116,0.00029129041654529564,23.63194873288669,11.86926540226193,0.0,2.7845350542681135,4.563410593950788,True,True,True
Peacock_lodging_Francesca,Lodging/residential,3338.6,17534,0.0005699954400364415,10520,3507,3507,38.61736268963157,9.215128104877282,0.0003421923120793886,29.472389307100087,8.789959618130391,0.0,2.761028969279357,11.272229685362518,True,True,True
Rat_lodging_Marion,Lodging/residential,1105.5,17295,0.014192886456908305,10377,3459,3459,36.00662156692686,11.467688479767334,0.0,31.579190517490602,10.75848776081112,0.0,2.751781659388646,8.644797338021093,True,True,True
Bull_lodging_Anibal,Lodging/residential,4160.6,17484,0.0034199726402188713,10490,3497,3497,21.525823610157858,9.969548954238112,0.10626858842370167,23.608235630540463,8.036506688376084,0.04175007148984844,2.661387849121797,6.876712328767123,True,True,True
Fox_lodging_Winifred,Lodging/residential,5582.2,17523,0.001196990424076616,10513,3505,3505,84.13915881983678,12.134850263388296,0.0,81.6688958630528,12.618407791239635,0.0,2.608509049123815,16.562410958904096,True,True,True
Panther_lodging_Cornelia,Lodging/residential,4935.9,17533,0.0006269949840401745,10519,3507,3507,34.4668321222837,22.597088022563042,0.1926082244909599,43.08034183062447,17.86798052710071,0.0,2.5822665231122595,17.194692601990138,True,True,True
Panther_lodging_Myrtle,Lodging/residential,2272.0,17532,0.0006839945280437965,10519,3506,3507,42.665280487109285,23.092425785309423,0.19261921058635637,53.39781246079269,9.537512267638139,0.0,2.5814112833764,4.95526634746922,True,True,True
Panther_lodging_Gale,Lodging/residential,5499.9,17183,0.02057683538531696,10309,3437,3437,85.68953239830064,41.813578335633686,0.1762788802886574,109.03183398312481,12.862514084096313,0.0,2.5698783474948725,32.07929819490478,True,True,True
Bull_lodging_Leonard,Lodging/residential,3831.4,17266,0.01584587323301412,10359,3453,3454,34.23080041700452,6.856099211210932,0.0033012857639291094,35.679212507237985,6.979301175067922,0.004632310364794441,2.565014577259475,7.784533376784356,True,True,True
Peacock_lodging_Nova,Lodging/residential,4507.6,17531,0.0007409940720474184,10518,3506,3507,19.00012850949746,7.662485352074882,0.0006274599281273173,17.502613886512687,6.671490935481433,0.00028514399771884804,2.5611060867068622,9.504326835822573,True,True,True
Panther_lodging_Jorge,Lodging/residential,3866.3,17533,0.0006269949840401745,10519,3507,3507,53.97046417612502,31.185351788866242,0.19226601266183768,67.2797743655546,19.48854935533785,0.0,2.5512601780074644,18.988620109439125,True,True,True
Bull_lodging_Lettie,Lodging/residential,3683.4,17207,0.019208846329229368,10324,3441,3442,34.3928633695589,6.7777109141910605,0.0,36.88611272515979,7.070150612867414,0.0,2.5444704505558806,8.585195530726253,True,True,True
Panther_lodging_Awilda,Lodging/residential,5499.9,17532,0.0006839945280437965,10519,3506,3507,72.4234796201232,39.32729860540404,0.19261921058635637,99.20508671228971,13.348067989644766,0.0,2.500223026126902,10.691644228080747,True,True,True
Bobcat_lodging_Nickolas,Lodging/residential,4834.1,16500,0.059507523939808515,9900,3300,3300,47.305366842424235,10.553743928070924,0.0,35.3803843030303,6.182729231691143,0.0,2.3148674603174606,7.234139449628891,True,True,True
Cockatoo_lodging_Alicia,Lodging/residential,3673.2,16061,0.08453032375740999,9636,3212,3213,24.156135987796528,5.67905046715909,0.0,21.741051976346093,4.455907797736579,0.0,2.3026418940106614,6.403539469963235,True,True,True
Bull_lodging_Danielle,Lodging/residential,4188.6,17160,0.02188782489740082,10296,3432,3432,25.79798951048951,8.933952095080095,0.07371794871794872,24.62572843822844,8.551136768220838,0.05623543123543123,2.2520539906103285,7.486541973135068,True,True,True
Cockatoo_lodging_Carmen,Lodging/residential,3761.8,16119,0.08122435020519836,9671,3224,3224,17.627545133072772,6.432254820582186,0.0,20.35919925558313,5.371560634777846,0.0,2.173984375,6.216260451087798,True,True,True
Cockatoo_lodging_Eric,Lodging/residential,3830.9,16119,0.08122435020519836,9671,3224,3224,19.214975091506915,7.20799141933678,0.0,21.384020874689824,5.986843507659116,0.0,2.16315625,7.556624665676077,True,True,True
Robin_lodging_Armand,Lodging/residential,5246.0,17539,0.00028499772001822077,10523,3508,3508,38.247577165174754,8.599713639730222,0.0,37.66071835803877,10.782466115814776,0.0,2.1373134328358208,16.826623199816602,True,True,True
Bull_lodging_Terence,Lodging/residential,3780.9,17472,0.004103967168262668,10483,3494,3495,23.466145833333332,8.889742068099654,0.08287545787545787,26.863090128755363,8.255309794751948,0.039484978540772535,2.1319504465571884,8.301466131480826,True,True,True
Cockatoo_lodging_Linwood,Lodging/residential,3837.1,16119,0.08122435020519836,9671,3224,3224,17.986606904894845,5.946891909241945,0.0,17.81451612903226,5.52288696703673,0.0,2.1129114375,6.235256481337741,True,True,True
Panther_lodging_Willa,Lodging/residential,3446.7,17533,0.0006269949840401745,10519,3507,3507,57.247699230023386,30.502924321377456,0.18707579992015058,71.30295286569718,9.166272418073653,0.0,2.0696793281653747,10.138001158005551,True,True,True
Cockatoo_lodging_Tesha,Lodging/residential,2239.2,16005,0.08772229822161426,9603,3201,3201,21.230675813808187,5.506603534566436,0.0,23.872586629178382,6.230850450650511,0.0,2.0672069877242683,4.915317993358091,True,True,True
Panther_lodging_Teresita,Lodging/residential,3866.3,17532,0.0006839945280437965,10519,3506,3507,53.64916701460187,31.195313474642617,0.19256217202829112,64.94604796122042,20.65481077763969,0.0,2.0308491530289983,15.521574692202456,True,True,True
Rat_lodging_Marguerite,Lodging/residential,1703.8,17340,0.011627906976744207,10404,3468,3468,22.486708189158016,8.94715375703279,0.0,24.391732987312572,9.48945069718161,0.0,2.027540650406504,6.372321741696908,True,True,True
Cockatoo_lodging_Judi,Lodging/residential,1846.5,16119,0.08122435020519836,9671,3224,3224,15.08965144239717,5.6814134317140805,0.0,17.381337872208434,4.39721743822969,0.0,2.021336,3.1836368373222257,True,True,True
Cockatoo_lodging_Jim,Lodging/residential,6131.5,16119,0.08122435020519836,9671,3224,3224,50.95152201749488,8.166934912552634,0.0,48.9299782878412,6.402033437394998,0.0,1.8929531250000002,10.298283582089546,True,True,True
Cockatoo_lodging_Katharine,Lodging/residential,5707.9,16112,0.08162334701322393,9667,3222,3223,26.193011941410127,6.1458234874919775,0.0,32.2420338194229,4.807704843086325,0.0,1.7857455454829636,4.396131035405933,True,True,True
Robin_lodging_Phillip,Lodging/residential,6181.0,17544,0.0,10526,3509,3509,38.609306036251716,20.28624293182543,0.003761969904240766,39.8435580507267,15.877958338624712,0.0,1.7314942611190818,9.083857729138167,True,True,True
Fox_lodging_Stephan,Lodging/residential,3382.2,17515,0.0016529867761058137,10509,3503,3503,30.47225235512418,4.921505942194665,0.0,31.62320296888381,5.497944932095993,0.0,1.6961856855418225,5.449576639043919,True,True,True
Robin_lodging_Donna,Lodging/residential,2515.0,17539,0.00028499772001822077,10523,3508,3508,21.245706419978333,5.22935499475845,0.0,20.0204911345496,5.706222139788046,0.0,1.577924856486797,10.603312636283563,True,True,True
Fox_lodging_Warren,Lodging/residential,4562.3,17530,0.0007979936160510404,10518,3506,3506,36.24550827153451,7.413397513153985,0.0,34.430735881346266,6.153918478164039,0.0,1.394623779437105,7.911297621947792,True,True,True
Bull_lodging_Xavier,Lodging/residential,750.6,17519,0.0014249886000912149,10511,3504,3504,9.182565214909525,5.820814845732973,0.01586848564415777,9.90722602739726,5.99886882975306,0.023401826484018264,1.3886896551724137,6.30290965650357,True,True,True
Bull_lodging_Graciela,Lodging/residential,961.2,17272,0.015503875968992276,10363,3454,3455,11.970197429365447,2.760713494929615,0.011926817971283001,11.983646888567295,2.8056602932982573,0.010419681620839363,1.3509180996793937,4.681006528097942,True,True,True
Bull_lodging_Charlotte,Lodging/residential,750.6,17516,0.0015959872321021917,10509,3503,3504,10.449036303950674,6.163566668135139,0.015814112811144098,10.076130136986302,5.8307179082451,0.023401826484018264,1.3299999999999998,5.896186946011282,True,True,True
Bull_lodging_Abby,Lodging/residential,1054.4,17163,0.021716826265389844,10297,3433,3433,13.299641671036532,1.9753267492385824,0.0,13.360617535683076,2.354848577662295,0.0,1.3253153417424464,2.134938968574808,True,True,True
Bear_lodging_Dannie,Lodging/residential,2137.9,17490,0.0030779753761970285,10494,3498,3498,8.63689402515723,3.6583747609744726,0.0,10.019503001715266,3.4977403026054827,0.0,1.2586014392630973,6.266671638663423,True,True,True
Panther_lodging_Else,Lodging/residential,3459.8,17477,0.003818969448244447,10486,3495,3496,35.36588732620015,21.672854599466078,0.1932253819305373,41.42051902173913,10.71651818374333,0.0,1.230963220046083,4.108800250662178,True,True,True
Cockatoo_lodging_Kerri,Lodging/residential,8949.9,14326,0.18342453260373914,8595,2865,2866,18.360156945413934,4.592736233969082,0.0,19.471068841591066,4.4402477275837295,0.0,1.2302897255453906,6.177470686767169,True,True,True
Panther_lodging_Fausto,Lodging/residential,3459.8,17534,0.0005699954400364415,10520,3507,3507,40.48436745180791,24.205357880123916,0.19259723964868256,49.03293244938694,19.27494321008542,0.0,1.2143602354292278,3.8361951700040677,True,True,True
Rat_lodging_Ardell,Lodging/residential,1446.9,17445,0.0056429548563611265,10467,3489,3489,15.820820865577527,5.76220569694015,0.0,14.741427343078245,4.336556521974634,0.0,1.1777575757575758,5.521482061611017,True,True,True
Bull_lodging_Allen,Lodging/residential,748.0,17510,0.0019379844961240345,10506,3502,3502,9.195961159337521,6.022928174761182,0.015762421473443745,8.290691033695031,5.332688493609384,0.023415191319246145,1.1267855089131684,6.256965105135578,True,True,True
Cockatoo_lodging_Ana,Lodging/residential,1885.1,16118,0.08128134974920198,9670,3224,3224,13.026547431443106,4.521693032699128,0.0,14.931637686104219,3.580038058277193,0.0,1.102877625,6.6332196406862085,True,True,True
Bull_lodging_Elena,Lodging/residential,1043.0,17489,0.0031349749202006505,10493,3498,3498,6.321502087026131,1.9147572153043766,0.017267997026702498,6.475414522584334,2.079940792862409,0.023727844482561464,1.0558434081750143,1.6047074850525993,True,True,True
Panther_lodging_Russell,Lodging/residential,2594.4,17534,0.0005699954400364415,10520,3507,3507,29.290226063647772,17.622105684742937,0.19259723964868256,40.59821839178786,12.318097235198453,0.0,0.9725566752799311,2.8610615700160835,True,True,True
Cockatoo_lodging_Mandy,Lodging/residential,1698.0,16102,0.08219334245326038,9661,3220,3221,12.268658626257608,2.256068724489235,0.0,12.15768900962434,2.54656761251686,0.0,0.943968345323741,2.3865919402985085,True,True,True
Cockatoo_lodging_Johnathan,Lodging/residential,3774.6,16119,0.08122435020519836,9671,3224,3224,8.98644819157516,2.143073356805876,0.0,10.222771929280396,1.6627847931192972,0.0,0.794252625,1.348259448188637,True,True,True
Fox_lodging_Morris,Lodging/residential,3051.0,17503,0.00233698130414961,10501,3501,3501,23.476010398217447,3.775045748028632,0.0,26.399154527277922,2.6953631674094636,0.0,0.7524331320103538,3.513134599845916,True,True,True
Rat_lodging_Ted,Lodging/residential,185.8,17467,0.0043889648882808885,10480,3493,3494,2.4784084273200895,1.8848770552436747,0.02083929695998168,2.2471322266742986,1.3423150495708207,0.01659988551803091,0.6216829971181556,1.5047501523633775,True,True,True
Rat_lodging_Jeannette,Lodging/residential,464.5,17513,0.0017669858641130576,10507,3503,3503,5.180563010335179,2.269489242604766,0.00011420087934677097,4.90401370254068,2.4880816888215325,0.00028546959748786756,0.5406956021845358,0.675890410958905,True,True,True
Fox_lodging_Isabell,Lodging/residential,2875.3,17528,0.0009119927040583953,10516,3506,3506,27.709674806024648,4.24699883931796,0.0,25.32661722760981,2.008001512511806,0.0,0.5212263067202757,2.7375339742337026,True,True,True
Rat_lodging_Lorenzo,Lodging/residential,239.9,17119,0.02422480620155043,10271,3424,3424,2.805497984695368,1.6074112942769219,0.005841462702260646,2.564602803738318,1.5593463557492289,0.010514018691588784,0.39469411764705886,0.55382889200561,True,True,True
Lamb_lodging_Burt,Lodging/residential,705.0,17194,0.019949840401276786,10316,3439,3439,1.775678498313365,1.9962543060311921,0.002733511690124462,1.242132596685083,2.5037717448617602,0.0,0.22925323572474376,1.2309917485473396,True,True,True
Rat_lodging_Lakisha,Lodging/residential,673.5,17096,0.02553579571363429,10257,3419,3420,0.3594595226953673,0.6704308868569584,0.23525970987365466,0.13678362573099415,0.28970716203070174,0.22280701754385965,0.03341578327444052,0.05152264354202252,True,True,True
Lamb_lodging_Harley,Lodging/residential,1587.0,17277,0.015218878248974055,10366,3455,3456,2.8549767262834984,2.704895345387693,0.06355270012154889,0.17610109953703704,0.8731651466147053,0.00636574074074074,0.02205722610722611,1.9754198325841963,True,True,True
Hog_lodging_Edgar,Lodging/residential,16494.9,17544,0.0,10526,3509,3509,111.44100547195623,63.166250271141095,0.14158686730506156,19.57110287831291,30.4669628445872,0.7078939868908521,0.019225251076040173,28.575923392612864,True,True,True
Lamb_industrial_Carla,Manufacturing/industrial,8426.0,17544,0.0,10526,3509,3509,127.83204757181943,106.09408795737268,0.0,121.7759593046452,95.86204596864077,0.0,38.401319770444765,79.369097127223,True,True,True
Hog_industrial_Joanne,Manufacturing/industrial,5281.6,17530,0.0007979936160510404,10518,3506,3506,150.32431836851111,76.28905758377188,0.0,151.0949814603537,73.17243532888993,0.0,22.263582998276853,174.4500876712329,True,True,True
Cockatoo_industrial_Nathaniel,Manufacturing/industrial,10360.4,16043,0.08555631554947563,9625,3209,3209,82.85391813251886,68.23282476002451,0.0,82.08125063882831,62.360817486432126,0.0,19.026962323390894,152.8857039128681,True,True,True
Lamb_industrial_Enrique,Manufacturing/industrial,358.0,17194,0.019949840401276786,10316,3439,3439,48.840691723857155,39.727355242208425,0.0,65.6038111078802,44.64270999478563,0.0,18.52214128843338,16.579589853004784,True,True,True
Hog_industrial_Jay,Manufacturing/industrial,5931.6,17541,0.00017099863201097687,10524,3508,3509,232.20909252608178,70.69446210383231,5.7009292514679893e-05,238.83792789968655,74.72080043407531,0.0,15.878701291248207,148.33463474692203,True,True,True
Hog_industrial_Quentin,Manufacturing/industrial,7559.7,17544,0.0,10526,3509,3509,109.84116638166894,73.79865621051677,0.0,103.91399430037046,71.92185056217477,0.0,10.65041893830703,91.34702804377562,True,True,True
Hog_industrial_Jeremy,Manufacturing/industrial,1216.2,17544,0.0,10526,3509,3509,44.251189865481074,26.06910029347242,0.0,44.4197928184668,25.665679250136144,0.0,7.614476040172167,56.964655266757866,True,True,True
Cockatoo_industrial_Sarita,Manufacturing/industrial,1050.0,16119,0.08122435020519836,9671,3224,3224,15.000469421179973,3.7831224696956065,0.0,16.514668672456576,3.372890759093435,0.0,1.01305725,6.435048263552877,True,True,True
Hog_industrial_Mariah,Manufacturing/industrial,1065.6,17544,0.0,10526,3509,3509,16.561571477428178,5.998823498017928,0.0,11.874916785408947,3.299399669554026,0.0,0.846055380200861,10.952882352941176,True,True,True
Lamb_industrial_Venessa,Manufacturing/industrial,588.0,17544,0.0,10526,3509,3509,6.3232816803465575,4.594983547069733,0.0025649794801641587,0.9789513251638643,3.07919404055726,0.006269592476489028,0.10046921090387376,2.80408755129959,True,True,True
Lamb_industrial_Willard,Manufacturing/industrial,965.0,17544,0.0,10526,3509,3509,1.8481619528043776,1.309969967181519,0.06281349749202006,0.18684137931034486,0.7195221593948866,0.006269592476489028,0.00835010043041607,0.06607387140902876,True,True,True
Hog_office_Nia,Office,53614.4,17114,0.02450980392156865,10268,3423,3423,1782.693077129835,855.9769364547518,0.0,1552.6292243645923,703.9645383629854,0.0,87.45324860253015,775.1290094089832,True,True,True
Hog_office_Cornell,Office,62385.0,17162,0.021773825809393577,10297,3432,3433,1421.3260499941732,415.8788382659164,0.0,1458.97940547626,457.4014282690657,0.0,67.71022675271341,624.7222011127285,True,True,True
Hog_office_Joey,Office,31275.8,17192,0.02006383948928414,10315,3438,3439,1160.7877253373663,475.9712136685383,0.0,1292.7879779005527,438.8209591641774,0.0,59.495006149341144,338.16481796703283,True,True,True
Hog_office_Terry,Office,24854.9,17258,0.016301869585043316,10354,3452,3452,696.8970505272918,477.80163929835226,0.0005214972766253332,844.1628041714948,456.4052391509827,0.0,54.433197199533254,262.2564571971394,True,True,True
Rat_office_Jill,Office,31587.0,17251,0.01670086639306889,10350,3450,3451,647.7760616775839,418.1777204449451,0.0,456.22497247174726,312.19197287508234,0.0,47.25620659468924,608.2175231948913,True,True,True
Rat_office_Jamal,Office,27406.4,17539,0.00028499772001822077,10523,3508,3508,937.9279377387537,513.8421954773409,0.0,572.4828335233751,302.1981492111905,0.0,44.84114810562572,712.3232721960446,True,True,True
Rat_office_Colby,Office,79000.4,17313,0.013166894664842665,10387,3463,3463,2155.8521989256633,316.09453049425895,0.0,2286.32074501877,235.0574102528539,0.0,42.738493748182606,265.51644382417476,True,True,True
Hog_office_Betsy,Office,23175.3,17194,0.019949840401276786,10316,3439,3439,621.8252478771664,430.01617878788704,0.0,569.0696420471066,451.1286574757321,0.0,39.55451947291361,270.20802225327344,True,True,True
Rat_office_Avis,Office,44099.2,17190,0.020177838577291385,10314,3438,3438,871.9675084351367,299.3282328954393,0.020942408376963352,762.7030744618964,263.2941170527346,0.06050029086678301,36.2725424721734,140.83995269292404,True,True,True
Rat_office_Lora,Office,21274.8,17517,0.0015389876880984588,10510,3503,3504,427.75151624136555,222.7749616203253,5.708740081064109e-05,386.11103595890415,231.02196053198512,0.0,35.34918390804598,370.1465205479452,True,True,True
Hog_office_Gustavo,Office,6582.4,17544,0.0,10526,3509,3509,531.2696134290926,357.83896902252974,0.0,750.2589350242234,165.2469934657537,0.0,33.502589956958396,238.45432558139532,True,True,True
Hog_office_Byron,Office,80038.2,17075,0.026732786137710907,10245,3415,3415,960.1823624011713,180.83463893398562,0.0,943.758412884334,175.40090288189802,0.0,29.74866440578,358.4893604852059,True,True,True
Hog_office_Garrett,Office,28339.8,17194,0.019949840401276786,10316,3439,3439,372.83584936605797,180.15680689479737,0.01017796905897406,355.20379703402153,175.8400755920195,0.050886885722593776,28.930601171303074,270.2260902892292,True,True,True
Eagle_office_Amanda,Office,8487.9,17194,0.019949840401276786,10316,3439,3439,282.435823025474,86.80885294421478,0.046818657671280677,212.24426411747604,122.23962613115563,0.21983134632160511,28.876234407027816,85.83441732624726,True,True,True
Hog_office_Shawnna,Office,27312.6,17355,0.010772913816689433,10413,3471,3471,414.1902154422357,155.7930440101674,0.0,383.54034572169405,146.89389227395546,0.0,28.585199013635048,314.6088337035868,True,True,True
Hog_office_Lavon,Office,1530.3,17194,0.019949840401276786,10316,3439,3439,232.83240089566127,357.6703397776759,0.0,253.41520209363185,388.2159667750385,0.0,25.484477013177155,137.18727152516016,True,True,True
Lamb_office_Vasiliki,Office,25087.0,17544,0.0,10526,3509,3509,302.71259699612403,198.67117757765865,0.0024509803921568627,357.24707064690796,148.03864910015568,0.0008549444286121402,25.416242209469154,214.3642339261286,True,True,True
Rat_office_Jessica,Office,30542.8,17310,0.013337893296853642,10386,3462,3462,701.0883541305603,136.45077904521318,0.0,648.5064355863664,130.3281620489395,0.0,23.476771378708552,194.27347645429347,True,True,True
Panther_office_Patti,Office,14503.2,17532,0.0006839945280437965,10519,3506,3507,382.2748947125257,205.77955477348752,0.19261921058635637,483.7089686056458,88.19474924648331,0.0,23.111208383577374,169.16737108570294,True,True,True
Eagle_office_Chauncey,Office,22068.7,17194,0.019949840401276786,10316,3439,3439,528.1080438466906,141.0209867874356,0.043968826334767945,500.53979491131145,176.32536730821653,0.09450421634195987,21.710107818448027,179.73114192202456,True,True,True
Hog_office_Catharine,Office,11042.3,16745,0.0455426356589147,10047,3349,3349,428.99346467005074,111.13553580814289,0.0,427.78012684383395,114.14899864316132,0.0,21.144675909774435,103.40550001339358,True,True,True
Rat_office_Adele,Office,37904.4,17517,0.0015389876880984588,10510,3503,3504,599.6461540218073,233.2513058040666,0.00011417480162128218,464.0968864155251,189.6319887810181,0.0,21.097537356321837,173.19987671232877,True,True,True
Fox_office_Demetrius,Office,14463.3,17476,0.003875968992248069,10485,3495,3496,121.89308995193409,45.63520994722565,0.0008583199816891737,113.52286327231121,47.18283913662622,0.0008581235697940503,20.018335253456222,65.10255489314112,True,True,True
Eagle_office_Damian,Office,10606.4,17194,0.019949840401276786,10316,3439,3439,175.59718662324067,53.28841445044648,0.02454344538792602,180.5910298924106,48.3729413085109,0.0,19.61046486090776,114.63202084846769,True,True,True
Bull_office_Lilla,Office,16890.2,17229,0.01795485636114913,10337,3446,3446,466.3040222880028,75.51139098436555,0.0,454.96242019733023,71.07195430100892,0.0,16.991525423728813,159.26675977653633,True,True,True
Peacock_office_Dara,Office,4644.2,17506,0.0021659826721386333,10503,3501,3502,162.55629465326174,64.07722792274971,0.0,167.4595140205597,64.19663722987524,0.0,16.4597618746406,138.1815503429355,True,True,True
Eagle_office_Flossie,Office,3989.4,17194,0.019949840401276786,10316,3439,3439,148.18776705246015,44.465507081010536,0.04757473537280447,130.39069255597556,54.09980111112785,0.09857516719976737,16.431680527086385,45.26121331909343,True,True,True
Hog_office_Elnora,Office,9770.3,17543,5.699954400362195e-05,10525,3509,3509,687.3552495012256,105.63355935682482,0.0,658.4712476489028,136.1325637846356,0.0,16.075447345767575,53.17660738714096,True,True,True
Bull_office_Rob,Office,30885.3,17504,0.002279981760145877,10502,3501,3501,268.7586551645338,85.28097436805533,0.020966636197440585,264.7237932019423,83.3712405779471,0.02313624678663239,15.763301696865113,145.14677640603568,True,True,True
Eagle_office_Demetra,Office,9670.2,17194,0.019949840401276786,10316,3439,3439,154.3858904268931,60.65255176346955,0.0026753518669303247,150.9601628380343,60.85273062688418,0.0,14.757247437774524,131.52516611781212,True,True,True
Eagle_office_Katheleen,Office,4202.9,17194,0.019949840401276786,10316,3439,3439,99.9503960218681,41.15904218579436,0.041584273583808305,117.51967461471358,41.37123944875899,0.0008723466123873219,14.729009399707174,65.00476917103407,True,True,True
Eagle_office_Francis,Office,14807.3,17359,0.010544915640674835,10415,3472,3472,351.7682470188375,35.1615126161301,0.0,355.1768433179723,31.29441276361789,0.0,14.614559164733178,51.457001915708815,True,True,True
Robin_office_Antonina,Office,6099.7,17194,0.019949840401276786,10316,3439,3439,421.64418248807726,79.57476844500906,0.0,408.8463895899971,77.05099255734862,0.0,14.51237159590044,159.59363533072104,True,True,True
Hog_office_Shawna,Office,18213.0,17194,0.019949840401276786,10316,3439,3439,144.02640886355707,73.1630326032064,0.0,143.80810235533585,76.1486410400245,0.0,14.503069692532943,154.11517210850997,True,True,True
Eagle_office_Bridgett,Office,5692.5,17405,0.007922936616507115,10443,3481,3481,195.34495964952598,37.31186809789602,0.0,187.77757575409368,36.59005908318716,0.0,13.92829826439109,52.65481830702004,True,True,True
Eagle_office_Elia,Office,6014.8,17194,0.019949840401276786,10316,3439,3439,137.5895662847505,55.20890685899838,0.02157729440502501,124.92677705728411,60.271303753713156,0.0,13.05744046852123,98.3825223033993,True,True,True
Fox_office_Gaylord,Office,13759.0,17357,0.01065891472868219,10414,3471,3472,160.24975629429048,78.75326716547062,0.008699660079506828,159.26949884792626,76.95988239199903,0.0,12.89457656612529,147.22976913965005,True,True,True
Wolf_office_Cary,Office,11795.0,17526,0.0010259917920656392,10515,3505,3506,244.7695222754764,78.82332862491016,0.0,243.21558043354253,70.98520656785756,0.0,12.813113153360137,147.04756482421027,True,True,True
Hog_office_Lanell,Office,14209.1,17208,0.019151846785225746,10324,3442,3442,138.56733949325894,61.17375753454682,0.0,134.58501714119697,60.44130213044955,0.0,12.807552954944413,136.23123436803567,True,True,True
Cockatoo_office_Christy,Office,17376.7,16108,0.08185134518923853,9664,3222,3222,191.81204886391853,36.09044145727658,0.0,209.08523171942892,37.20872595275944,0.0,12.507681926203878,69.17915964383138,True,True,True
Fox_office_Zachary,Office,13038.5,17452,0.005243958048335662,10471,3490,3491,166.86843742837496,58.27885198248243,0.0008595003438001375,172.0330077341736,51.65073186963933,0.0008593526210254941,12.05037784828382,56.43928409825469,True,True,True
Eagle_office_Sonya,Office,8101.1,17356,0.010715914272685811,10413,3471,3472,181.98640239686563,34.94030466391557,0.0,174.33986175115209,35.20013125733884,0.0,12.042633410672854,75.6586773954441,True,True,True
Eagle_office_Yadira,Office,15101.3,17409,0.007694938440492516,10445,3482,3482,131.04096269745534,48.26761195441735,0.0032741685335171463,132.853240723722,52.97625097678311,0.002010338885697875,11.72261058415269,102.93301804410844,True,True,True
Hog_office_Candi,Office,18156.7,17513,0.0017669858641130576,10507,3503,3503,309.4654560612116,79.87192397437204,0.0,292.6713514130745,80.82943377627913,0.0,11.694655935613682,119.8600746378037,True,True,True
Eagle_office_Tia,Office,11403.5,17194,0.019949840401276786,10316,3439,3439,179.12554369547516,56.68737562771891,0.04908689077585204,186.99173893573712,72.42782470985227,0.09828438499563827,11.237597891654465,73.22532538798305,True,True,True
Robin_office_Wai,Office,16221.0,17544,0.0,10526,3509,3509,166.27504518923845,103.83430211267702,0.0025079799361605107,177.98077751496155,79.13200716617786,0.0,11.039089153515066,129.8514363885089,True,True,True
Eagle_office_Marisela,Office,8399.5,17193,0.020006839945280408,10315,3439,3439,133.2024271447682,42.13715834023181,0.048449950561274935,125.71204518755452,48.38435247695996,0.0953765629543472,10.632444597364568,55.418720661872996,True,True,True
Eagle_office_Randolph,Office,6038.7,17194,0.019949840401276786,10316,3439,3439,110.95697680586252,34.96458867464981,0.0,110.47013643501018,36.607553068014816,0.0,10.525760117130305,71.36287290020152,True,True,True
Hog_office_Bill,Office,13375.5,17544,0.0,10526,3509,3509,290.85099059507525,95.27644639223742,0.0,282.9680530065546,96.82718898853823,0.0,10.238365279770445,84.32258413132698,True,True,True
Cockatoo_office_Georgia,Office,14672.4,16117,0.0813383492932056,9670,3223,3224,244.43554268784513,41.28210206466613,0.0,242.69034584367247,42.312636962604934,0.0,10.2042083125,69.65585113921469,True,True,True
Hog_office_Sonny,Office,5837.7,17077,0.02661878704970355,10246,3415,3416,243.34629355273177,53.65891558781142,0.0,248.6971449063232,48.85143495025351,0.0,10.103953125000004,63.06420005607623,True,True,True
Hog_office_Eloise,Office,11419.8,17519,0.0014249886000912149,10511,3504,3504,325.0747176208688,48.43138846939403,0.0,334.64324001141557,48.426329919224045,0.0,10.082842241379309,111.98447430804111,True,True,True
Hog_office_Marlena,Office,12239.5,17194,0.019949840401276786,10316,3439,3439,82.81633686169593,69.36600826429435,0.005292543910666511,82.58106542599593,67.41203687882788,0.0,10.055207320644218,136.3320540355677,True,True,True
Fox_office_Clayton,Office,488.5,17543,5.699954400362195e-05,10525,3509,3509,87.6934834406886,38.99140741225024,5.700279313686371e-05,87.4200683955543,42.56945948599842,0.0,9.770180774748924,86.2924076607387,True,True,True
Bull_office_Yvonne,Office,18019.5,17506,0.0021659826721386333,10503,3501,3502,162.61938763852393,49.23295654380609,0.01719410487832743,157.2031696173615,53.68362302031643,0.022844089091947458,9.324324324324325,84.8781641812981,True,True,True
Panther_office_Shauna,Office,4495.8,17532,0.0006839945280437965,10519,3506,3507,77.66626974104494,52.06382390809008,0.19267624914442164,96.04539289991445,35.48820579714662,0.0,9.271613149583692,65.09108372093024,True,True,True
Eagle_office_Elias,Office,5003.8,17194,0.019949840401276786,10316,3439,3439,82.84104145632197,25.139867536346667,0.02454344538792602,85.19728185519047,22.82086203201414,0.0,9.251613411420205,54.07985366507068,True,True,True
Fox_office_Thelma,Office,11052.3,17193,0.020006839945280408,10315,3439,3439,125.4125341708835,45.87042090756906,0.0,127.462957255016,51.48811680580683,0.0,9.199106881405562,86.95674578947582,True,True,True
Cockatoo_office_Laila,Office,10254.6,16109,0.0817943456452348,9665,3222,3222,222.49195840834318,26.988894824973386,0.0,219.54495394165113,27.94651436704618,0.0,8.880599874921826,56.448264285873165,True,True,True
Cockatoo_office_Rodney,Office,4364.7,16119,0.08122435020519836,9671,3224,3224,131.3717171226503,38.567561547409795,0.0,127.22731336848636,37.58183969873159,0.0,8.814515625,78.90612230683506,True,True,True
Bull_office_Chantel,Office,9654.9,17487,0.0032489740082078944,10492,3497,3498,142.28504031566305,40.42199872084805,0.024761251215188424,182.10463121783877,43.4611729908424,0.023156089193825044,8.803972366148532,36.26039268229064,True,True,True
Eagle_office_Norbert,Office,5406.6,17194,0.019949840401276786,10316,3439,3439,92.80759621961148,33.86167664763708,0.046178899616145165,88.3716831927886,38.64809106793033,0.09479499854608898,8.800346764275258,53.880965485636125,True,True,True
Lamb_office_Velma,Office,14165.0,17544,0.0,10526,3509,3509,91.11329020177838,59.47772878928134,0.00011399908800729594,108.86978911370761,39.678857529973634,0.0005699629524080935,8.705735265423241,69.6149781121751,True,True,True
Hog_office_Corey,Office,12033.9,17193,0.020006839945280408,10315,3439,3439,117.37967568196359,43.20990974063897,0.004013261210957948,117.45352951439371,41.79029312408032,0.0,8.600176866764276,75.09762735978113,True,True,True
Hog_office_Thomas,Office,2092.9,17194,0.019949840401276786,10316,3439,3439,45.15918343608235,55.950682024985504,0.05746190531580784,17.824367548706018,35.15187799957756,0.2596685082872928,8.552562225475842,75.54706920137741,True,True,True
Hog_office_Napoleon,Office,12365.4,17533,0.0006269949840401745,10519,3507,3507,129.07239422802715,33.567685751021386,0.0,130.76040718562874,35.16953284969607,0.0,8.189825150732128,64.38084434855386,True,True,True
Hog_office_Vera,Office,8483.5,17194,0.019949840401276786,10316,3439,3439,114.16156798883331,50.31258153209605,0.0,107.18028496656005,47.304604073356295,0.0,8.027232796486091,89.81101231190151,True,True,True
Robin_office_Maryann,Office,3201.0,17194,0.019949840401276786,10316,3439,3439,235.75439813888568,44.5727972479327,0.0,222.9918055248619,42.14825711622057,0.0,7.850420849194729,76.99364138829088,True,True,True
Cockatoo_office_Alton,Office,3972.1,16114,0.08150934792521658,9668,3223,3223,97.76096923792976,25.22541578294885,0.0,97.84590186161961,23.844913633661626,0.0,7.795563738668333,48.79223705357144,True,True,True
Fox_office_Alice,Office,18806.8,17501,0.002450980392156854,10500,3500,3501,361.1725832809554,37.112178178783225,0.0,359.22178520422733,39.90571961183629,0.0,7.794193270060398,77.99286773229619,True,True,True
Hog_office_Lizzie,Office,10351.6,17321,0.012710898312813468,10392,3464,3465,89.95538560129323,34.84328218858187,0.0,91.96756017316018,32.90585205879579,0.0,7.675640802092415,80.71171812613882,True,True,True
Eagle_office_Patrice,Office,12050.2,17347,0.011228910168718631,10408,3469,3470,85.34218020406988,23.89780217498827,0.0,87.13190201729105,25.67896243901396,0.0,7.642019733023796,42.48342004297115,True,True,True
Rat_office_Kasey,Office,3195.9,17468,0.0043319653442772665,10480,3494,3494,86.40713590565606,41.40697599871847,0.0,80.82462793360045,45.099251137226354,0.0,7.51156484149856,65.05505494505495,True,True,True
Hog_office_Corie,Office,11102.7,17507,0.0021089831281350113,10504,3501,3502,88.40338150454104,34.11604020768677,0.0,91.40548258138207,36.77728754457086,0.0,7.48188614146061,65.83035714285714,True,True,True
Fox_office_Karima,Office,4806.1,17193,0.020006839945280408,10315,3439,3439,71.53821148141687,39.07745551615256,0.0,69.81254725210816,37.63140590293543,0.0,7.337762811127379,80.8528842274186,True,True,True
Peacock_office_Effie,Office,9723.9,17534,0.0005699954400364415,10520,3507,3507,87.6579779571119,29.723653744756184,0.0,87.85207733105219,29.91982158787675,0.0,7.11200663221361,59.59531888368344,True,True,True
Fox_office_Yong,Office,15232.3,17534,0.0005699954400364415,10520,3507,3507,135.15124329873387,42.68056173775971,0.0003421923120793886,119.03510692899914,38.30958310892624,0.0,7.027723227103071,53.15872777017785,True,True,True
Panther_office_Jesus,Office,9595.6,17533,0.0006269949840401745,10519,3507,3507,80.50018926025209,54.284226610310895,0.1926082244909599,97.37647676076419,40.927590179055166,0.0,6.9778040195234,50.21488850889194,True,True,True
Hog_office_Randi,Office,8556.3,17191,0.020120839033287763,10314,3438,3439,90.4829268221744,49.03874688933411,0.0,85.06939808083746,47.85146055257705,0.0,6.960442166910688,67.87121211808683,True,True,True
Eagle_office_Donovan,Office,8031.9,17226,0.018125854993160107,10335,3445,3446,64.36840435968884,26.311438318608367,0.0026703819807268082,65.23993136970401,25.23796091213363,0.004352872896111433,6.8197141437755695,46.589873496475896,True,True,True
Eagle_office_Nereida,Office,10746.6,17194,0.019949840401276786,10316,3439,3439,159.33411713969988,45.902097768156686,0.044608584389903456,151.00026970049433,55.433471351312875,0.09450421634195987,6.788478916544655,58.35703929573603,True,True,True
Bull_office_Sally,Office,7705.3,17442,0.005813953488372103,10465,3488,3489,86.77218782249741,33.23731961377061,0.020295837633298935,84.24734881054744,31.24968346289213,0.02235597592433362,6.765656565656566,60.857411419466516,True,True,True
Peacock_office_Annie,Office,6021.8,17535,0.0005129958960328196,10521,3507,3507,76.58523526660963,34.84268461544253,0.0,74.24689164528087,31.164851338856515,0.0,6.723824318116567,58.274462106703155,True,True,True
Eagle_office_Dallas,Office,3522.6,17522,0.001253989968080238,10513,3504,3505,51.825829488642846,18.906489470654076,0.009188448807213789,47.89667380884451,17.387046707572516,0.00912981455064194,6.559798218902614,22.9682518496914,True,True,True
Robin_office_Donald,Office,7669.0,17194,0.019949840401276786,10316,3439,3439,153.90608014423637,49.28958355555821,0.0026753518669303247,161.81295117766788,36.214348624303,0.0,6.541026705710102,67.38889692412152,True,True,True
Hog_office_Josefina,Office,14636.4,17514,0.0017099863201094356,10508,3503,3503,181.35085828480072,34.5842512849093,0.0,181.06053982300884,32.656714801581,0.0,6.540649899396379,66.36121558793462,True,True,True
Hog_office_Sarah,Office,14150.2,17480,0.00364797081623347,10488,3496,3496,452.73262520594966,32.35029032145847,0.0,448.4235529176201,31.045998222622448,0.0,6.534487903225806,60.85590165061893,True,True,True
Fox_office_Joy,Office,6581.0,17540,0.00022799817601459882,10524,3508,3508,181.9483061573546,42.812012271448644,0.00039908779931584947,159.75767673888257,30.932025405947837,0.0,6.419187715269805,78.85783857729137,True,True,True
Rat_office_Randy,Office,5779.0,17468,0.0043319653442772665,10480,3494,3494,102.90523070757956,39.756044436168075,0.0,95.66049799656555,40.25299376399678,0.0,6.374585014409222,57.36458791208791,True,True,True
Fox_office_Israel,Office,11282.1,17538,0.0003419972640218427,10522,3508,3508,121.32293990192723,29.05609313270697,5.701904436081651e-05,117.93455815279361,27.39617454722237,0.0,6.372270378874857,48.47876174502933,True,True,True
Eagle_office_Elvis,Office,3972.1,17387,0.008948928408572754,10432,3477,3478,48.20222004946224,18.532950009537718,0.0031632829125208487,48.6279470960322,18.9723215024451,0.0,6.212796757382745,35.05644804885468,True,True,True
Peacock_office_Major,Office,6507.1,17293,0.01430688554491566,10375,3459,3459,204.28087751691436,26.026234340959608,0.0,197.79827470367158,19.438080871770335,0.0,6.105405676855894,35.36254677207603,True,True,True
Hog_office_Bryan,Office,9655.0,17194,0.019949840401276786,10316,3439,3439,46.22948179597534,52.491952222998,0.5159357915551936,101.99856062808958,28.41991839145365,0.0,6.035387994143484,20.976110232107153,True,True,True
Fox_office_Vicki,Office,6580.5,17537,0.0003989968080255757,10522,3507,3508,146.77319438900608,36.504614850611375,0.0004561783657410047,148.0005188141391,34.252028799310594,0.0,5.9899971297359365,61.87908344733242,True,True,True
Bobcat_office_Kassandra,Office,4003.6,14596,0.16803465572275422,8757,2919,2920,53.23437963825706,28.58684150734583,6.851192107426693e-05,61.69692886986302,26.185615192472998,0.0,5.969204316298343,43.20315184666493,True,True,True
Cockatoo_office_Paige,Office,12151.2,16119,0.08122435020519836,9671,3224,3224,109.06809356659844,23.958871215198236,0.0,105.9731105459057,28.45717245540329,0.0,5.9204323125,40.20091758126412,True,True,True
Robin_office_Sammie,Office,4802.0,17544,0.0,10526,3509,3509,82.35071574327405,24.10606131948185,0.0,72.87500712453689,23.324677996198332,0.0,5.89558106169297,41.24608960328316,True,True,True
Eagle_office_Jackie,Office,5737.3,17355,0.010772913816689433,10413,3471,3471,70.04494382022472,15.230655193061251,0.0,64.34946701238836,14.267832519475238,0.0,5.832608064984044,25.323519893357584,True,True,True
Robin_office_Zelma,Office,7607.0,17544,0.0,10526,3509,3509,109.95793881098953,33.436421317928044,0.0,91.8448560843545,31.114759132372864,0.0,5.760286944045911,51.645860465116286,True,True,True
Rat_office_Arron,Office,3716.1,17353,0.010886912904696788,10411,3471,3471,59.07041260877082,20.82367750606794,0.0,56.7331575914722,20.75473316972191,0.0,5.579245720916739,31.165138278388284,True,True,True
Fox_office_Bernard,Office,4182.2,17449,0.005414956680346528,10469,3490,3490,132.56267579804,16.655684990734336,0.0,126.76781088825216,16.151087362821304,0.0,5.516439699942297,34.55961310283598,True,True,True
Hog_office_Nancie,Office,8348.1,17194,0.019949840401276786,10316,3439,3439,62.868451145748516,31.16187864919647,0.0005815982319413749,63.27533701657459,32.3477492104802,0.002907822041291073,5.445841581259151,60.04836809379275,True,True,True
Hog_office_Bessie,Office,8975.5,17194,0.019949840401276786,10316,3439,3439,78.31005001744795,29.012090835411048,0.0,75.23000872346613,28.58759648183527,0.0,5.432210834553441,57.05490601098162,True,True,True
Hog_office_Sydney,Office,8094.7,17542,0.0001139990880072439,10525,3508,3509,125.87904457872536,25.43033822517201,0.0,133.3315605585637,25.112508270839875,0.0,5.398028981348637,52.32390766073871,True,True,True
Hog_office_Denita,Office,8824.7,17194,0.019949840401276786,10316,3439,3439,58.636852739327665,29.466181964808005,0.0,57.11865658621692,29.89058755042713,0.0,5.363089604685213,62.48093831670206,True,True,True
Eagle_office_Jeff,Office,1586.5,17194,0.019949840401276786,10316,3439,3439,43.344480632778875,13.839570507440211,0.008723973479120623,45.584763012503636,14.284638566550646,0.0008723466123873219,5.296046852122987,20.649587055452557,True,True,True
Panther_office_Ruthie,Office,4211.3,17184,0.020519835841313228,10310,3437,3437,96.46564759078213,47.79351782907117,0.17621042830540037,132.77301841722434,11.066782421929496,0.0,5.274266656900087,44.22065206983699,True,True,True
Cockatoo_office_Giovanni,Office,10710.6,16081,0.08339033287733699,9648,3216,3217,131.3135449723276,25.953137387849203,0.0,114.14249042586262,23.017477016076622,0.0,5.174491074224868,43.83128338391026,True,True,True
Hog_office_Rolando,Office,18033.5,17543,5.699954400362195e-05,10525,3509,3509,309.81793307872084,164.68304877576685,5.700279313686371e-05,420.4727842690225,27.025180888935914,0.0,5.1426111908177905,42.170998632010935,True,True,True
Hog_office_Charla,Office,9493.9,17535,0.0005129958960328196,10521,3507,3507,181.57710259481038,22.305272290244954,0.0,189.93460707157115,21.793917741771107,0.0,5.142146712604077,38.36448153214775,True,True,True
Lamb_office_Bertha,Office,5336.0,17194,0.019949840401276786,10316,3439,3439,46.45113325578691,54.711635509288264,0.0,68.38619613259668,52.56657558430547,0.0,5.075327672035138,32.741539786800914,True,True,True
Hog_office_Elke,Office,9635.7,17193,0.020006839945280408,10315,3439,3439,65.37119758041064,30.069351697969747,0.0005816320595591229,63.532131433556266,28.112608475557163,0.0,4.981844802342606,61.662261770228824,True,True,True
Panther_office_Taryn,Office,6003.3,17532,0.0006839945280437965,10519,3506,3507,75.15541621606206,40.31529540931339,0.19267624914442164,87.62252552038781,21.041164307398752,0.0,4.916050330175137,24.654908393335326,True,True,True
Rat_office_Craig,Office,9754.8,17420,0.007067943456452341,10452,3484,3484,234.47213145809414,58.43056831588673,0.0,218.02767795637197,42.609385475180495,0.0,4.886476878612717,25.403705234159816,True,True,True
Hog_office_Almeda,Office,6683.1,17323,0.012596899224806224,10393,3465,3465,61.78910200311724,23.869906138391805,0.0,60.854550360750366,22.64898415599574,0.0,4.876029642545772,59.109094229366164,True,True,True
Eagle_office_Remedios,Office,4781.8,17194,0.019949840401276786,10316,3439,3439,84.90227857973713,23.540138365066817,0.046876817494474816,82.54983358534459,29.43596064612389,0.09450421634195987,4.85790980966325,29.154859798221622,True,True,True
Hog_office_Mari,Office,6302.4,17193,0.020006839945280408,10315,3439,3439,51.65882324201709,30.09304617878799,0.0,48.938287874382084,25.51819777016664,0.0,4.8117560761347,48.290946901543435,True,True,True
Panther_office_Catherine,Office,2504.0,17532,0.0006839945280437965,10519,3506,3507,35.75000754049738,24.02325774447887,0.19261921058635637,39.910193099515254,15.631391544823787,0.0,4.778355469422912,30.236259507523933,True,True,True
Eagle_office_Lane,Office,4675.5,17375,0.00963292293661655,10425,3475,3475,46.496978417266185,11.942046126614219,0.0027050359712230214,46.444604316546766,12.288171610702793,0.0014388489208633094,4.721240220226021,22.73645681373968,True,True,True
Fox_office_Edythe,Office,7772.3,17537,0.0003989968080255757,10522,3507,3508,113.35568740377488,22.387145844591736,0.0,112.28777651083239,26.30695135911689,0.0,4.663659586681974,33.82675786593707,True,True,True
Hog_office_Richelle,Office,9285.3,17194,0.019949840401276786,10316,3439,3439,85.81202971966965,27.343399299919227,0.0,83.3811759232335,25.955970682606914,0.0,4.652858272327965,57.07345552281736,True,True,True
Panther_office_Garth,Office,4919.9,17533,0.0006269949840401745,10519,3507,3507,51.14447332458792,30.116743500825333,0.1926082244909599,57.879090789848874,15.136387625526783,0.0,4.5540445018662075,19.705378765582218,True,True,True
Hog_office_Leanne,Office,7646.1,17192,0.02006383948928414,10315,3438,3439,132.59707788506282,23.809541522311765,0.0,132.32731956964233,22.027738679947994,0.0,4.527850366032211,50.65295063037419,True,True,True
Peacock_office_Elton,Office,9694.9,17516,0.0015959872321021917,10509,3503,3504,158.31100026261703,21.818422490464627,0.0,147.86423621575344,21.5905563718776,0.0,4.496318304597701,35.42076313638452,True,True,True
Rat_office_Jacinta,Office,2835.9,17443,0.005756953944368481,10465,3489,3489,218.7119652582698,44.05844263584334,0.0,238.30565204929778,52.79103442825345,0.0,4.489356421356422,33.93217331499315,True,True,True
Rat_office_Olivia,Office,2564.1,17492,0.0029639762881896736,10495,3498,3499,52.817592042076384,31.49232805456609,0.0,60.19143469562733,24.10000079570942,0.0,4.451507913669064,49.34865569272978,True,True,True
Wolf_office_Nadia,Office,2745.0,17191,0.020120839033287763,10314,3438,3439,74.5678027747077,22.449306358593795,0.0,74.51925923233499,20.883394018392547,0.0,4.424759150805271,42.89854650144942,True,True,True
Eagle_office_Henriette,Office,2181.5,17497,0.002678978568171453,10498,3499,3500,29.58259950848717,8.109657211775014,0.00211464822541007,31.686750485714292,7.5236474613313,0.0,4.335260788262371,9.9089170431142,True,True,True
Bull_office_Myron,Office,5583.1,17453,0.005186958504331929,10471,3491,3491,62.518392253480776,18.61814315284382,0.01873603391966997,65.0266399312518,19.3756937576343,0.02119736465196219,4.276608018459764,39.56678317725311,True,True,True
Bull_office_Marco,Office,3165.4,17509,0.0019949840401276564,10505,3502,3502,49.76303615283568,23.55468885890021,0.08035867268262037,52.50271273557967,21.767915707825498,0.024557395773843516,4.194939620471535,30.655587204617433,True,True,True
Hog_office_Judith,Office,18626.2,17194,0.019949840401276786,10316,3439,3439,50.9920321042224,116.09495766136138,0.8369780155868326,254.94533294562373,124.0537569348553,0.18493748182611225,4.167203513909224,20.19168946648427,True,True,True
Hog_office_Myles,Office,7412.0,17194,0.019949840401276786,10316,3439,3439,52.93787629405607,23.991131688629,0.0,50.76750305321314,21.845193550078584,0.0,4.153164275256223,47.20139322594511,True,True,True
Panther_office_Graham,Office,7799.9,17391,0.008720930232558155,10434,3478,3479,60.342811563452365,36.52231839914363,0.19423839917198552,68.70072624317334,25.310816191231005,0.0,4.1156709985528215,37.8241248275862,True,True,True
Eagle_office_Freida,Office,7246.6,17415,0.007352941176470562,10449,3483,3483,60.52960091874821,19.381831253980096,0.003789836347975883,50.68073499856445,13.532502290289612,0.0,4.10205261636311,36.383725660485176,True,True,True
Hog_office_Elizbeth,Office,8593.5,17514,0.0017099863201094356,10508,3503,3503,138.27704756195044,21.86526046204913,0.0,134.21327433628318,20.677464475965813,0.0,4.064444668008048,40.10442635095957,True,True,True
Eagle_office_Efrain,Office,3995.5,17485,0.0033629730962152493,10491,3497,3497,47.86588709751216,16.62613428082116,0.007835287389190735,39.93841941664284,9.551900506001354,0.00028595939376608524,4.057950244745177,24.58592332146987,True,True,True
Robin_office_Gayle,Office,4161.0,17544,0.0,10526,3509,3509,59.11175215458276,22.154627650190573,0.0,58.22164707893987,22.686107832458607,0.0,4.047359368723098,38.493650889192885,True,True,True
Rat_office_Ronald,Office,802.4,17446,0.0055859553123575045,10467,3489,3490,53.293714891665715,18.312922456166916,0.0,51.67375931232091,17.094311115547633,0.0,4.0277495672244665,23.032990139266246,True,True,True
Hog_office_Catalina,Office,4900.4,17193,0.020006839945280408,10315,3439,3439,49.44725516198453,34.42427548063147,0.007735706392136335,59.91836086071531,42.9674086821751,0.0,4.018922401171303,29.012990457157514,True,True,True
Hog_office_Guadalupe,Office,6778.0,17497,0.002678978568171453,10498,3499,3500,46.94793393153112,21.527836346759376,5.715265474081271e-05,45.848,21.876073923026368,0.0,4.0109321058688145,33.902502437439054,True,True,True
Hog_office_Roger,Office,9124.2,17463,0.004616963064295487,10477,3493,3493,260.6255436637462,51.90100141237984,0.0,212.674340108789,49.24451814961297,0.0,3.994850965696166,36.9903028846154,True,True,True
Hog_office_Marlene,Office,7451.3,17193,0.020006839945280408,10315,3439,3439,44.616065840749144,24.763492992463284,0.004885709300296632,44.091307647571966,23.832718856480373,0.0,3.962331185944363,44.20521382769151,True,True,True
Panther_office_Larry,Office,1738.9,17532,0.0006839945280437965,10519,3506,3507,42.31555550422085,25.565553320337962,0.19267624914442164,47.11081893356145,19.635169825597874,0.0,3.9387904966982488,18.333447630226367,True,True,True
Eagle_office_Sheree,Office,2907.9,17194,0.019949840401276786,10316,3439,3439,41.904734209608,17.92730846114078,0.0012795161102710248,36.51468450130852,20.566313488063305,0.0,3.881112737920937,40.989418870811505,True,True,True
Cockatoo_office_Delores,Office,7861.0,16119,0.08122435020519836,9671,3224,3224,72.64216298157454,15.795418101852146,0.0,73.21368123449132,15.550445107702412,0.0,3.8530703125,26.502135487828376,True,True,True
Panther_office_Brent,Office,998.1,17052,0.028043775649794767,10231,3410,3411,11.110483186722965,8.274059436408589,0.19815857377433732,13.09919313984169,7.612892873668405,0.0,3.8325787717744313,5.666215599984086,True,True,True
Cockatoo_office_Pansy,Office,8173.3,16107,0.08190834473324216,9664,3221,3222,54.51270098714844,20.109378165163438,0.0,53.579875325884544,19.546708199543712,0.0,3.7760839899937464,32.80889930533257,True,True,True
Fox_office_Brandy,Office,3921.8,17193,0.020006839945280408,10315,3439,3439,30.849758041063225,20.078874519103476,0.0005234688536032106,31.298229136376854,20.511443092488367,0.0002907822041291073,3.756374816983895,30.40954551041852,True,True,True
Robin_office_Serena,Office,2833.1,17467,0.0043889648882808885,10480,3493,3494,51.68387563977786,22.16368188999518,0.0,53.55200838580424,21.36352410364576,0.0,3.7532000576368874,39.351692066800304,True,True,True
Fox_office_Essie,Office,12244.3,17193,0.020006839945280408,10315,3439,3439,32.827555982085734,32.856924403540155,0.0010469377072064212,17.37988659494039,16.5945982836035,0.0008723466123873219,3.7469077598828697,45.804622859568845,True,True,True
Rat_office_Sammy,Office,2912.1,17512,0.0018239854081167906,10507,3502,3503,53.66965794883509,22.117724243230448,0.0,54.43809877248073,19.164106075479513,0.0,3.6490744466800806,20.44128767123287,True,True,True
Hog_office_Mack,Office,5332.1,17431,0.006440948472412167,10458,3486,3487,87.36960851356778,21.292125965455444,0.0018931788193448454,88.61342730140522,14.628535307948617,0.0,3.6206508807392437,28.262901459826182,True,True,True
Lamb_office_Caitlin,Office,3365.0,17194,0.019949840401276786,10316,3439,3439,22.550563510526928,33.1704279224365,0.0,26.061489851701076,35.888735749467436,0.0,3.6032351976573938,27.613106973487064,True,True,True
Panther_office_Christian,Office,1553.9,17532,0.0006839945280437965,10519,3506,3507,27.949397045402694,17.06623052711911,0.19267624914442164,35.06810262332478,12.232397142850655,0.0,3.5706575366063733,19.2161192627496,True,True,True
Hog_office_Darline,Office,1561.2,17335,0.011912904696762427,10401,3467,3467,192.3375557542544,21.521638948751804,0.0,221.6417294490914,8.832327123600745,0.0,3.501182399070578,5.682656246860944,True,True,True
Hog_office_Cortney,Office,9895.2,17453,0.005186958504331929,10471,3491,3491,66.46465541740675,51.04102506424123,0.11688534922362917,30.964680893726726,47.85196873684043,0.5797765683185334,3.498699163541967,72.48598376777967,True,True,True
Robin_office_Victor,Office,3724.0,17544,0.0,10526,3509,3509,53.402150256497954,20.072026024132885,0.0,54.47265089769165,20.77768200227913,0.0,3.4899267144906743,34.515931874145004,True,True,True
Hog_office_Shon,Office,7837.8,17513,0.0017669858641130576,10507,3503,3503,77.89795888768343,24.781497617405496,0.0,70.02897373679703,19.885185317978326,0.0,3.4856378269617707,39.19542227791997,True,True,True
Rat_office_Loyd,Office,2779.3,17516,0.0015959872321021917,10509,3503,3504,55.365070792418365,18.787732505667393,0.0,55.388059360730594,20.254111928224415,0.0,3.430968390804598,30.776950775252153,True,True,True
Bull_office_Efren,Office,8005.2,17513,0.0017669858641130576,10507,3503,3503,49.44752469594016,22.928361163168823,0.015759721349854393,44.026263202968885,19.51372577227761,0.02312303739651727,3.4081632653061225,41.570595929059735,True,True,True
Eagle_office_Lamont,Office,1453.8,17194,0.019949840401276786,10316,3439,3439,31.024011899499826,9.839549284866415,0.04751657554961033,31.262686246001742,11.880904597661655,0.0953765629543472,3.2878926500732066,13.040787910321164,True,True,True
Panther_office_Lauretta,Office,3366.8,17183,0.02057683538531696,10309,3437,3437,142.43260133271258,69.577791463495,0.1762788802886574,176.6524409950538,20.88030704355317,0.0,3.285180603574568,51.28301199587284,True,True,True
Fox_office_Carson,Office,6891.5,17492,0.0029639762881896736,10495,3498,3499,51.772127829865084,15.947092085249498,5.716899153898925e-05,50.42733066590455,15.812641712126911,0.0002857959416976279,3.2773640287769785,33.291674027213006,True,True,True
Hog_office_Sherrie,Office,8639.4,17194,0.019949840401276786,10316,3439,3439,40.412504187507274,19.499696631903937,0.0,36.93162692643211,17.88255243487425,0.0,3.2655139092240115,28.41684209870815,True,True,True
Peacock_office_Julian,Office,3913.9,17533,0.0006269949840401745,10519,3507,3507,24.759975366451833,10.910666352210718,0.0,21.89490989449672,9.453149085552857,0.0,3.2391077806488657,19.49323196253077,True,True,True
Wolf_office_Darleen,Office,5036.0,17193,0.020006839945280408,10315,3439,3439,43.62263711975804,19.049516044123678,0.0,42.01075894155278,18.327816820758663,0.0,3.219619326500732,35.53463723641562,True,True,True
Hog_office_Mike,Office,5924.5,17531,0.0007409940720474184,10518,3506,3507,65.17609263590212,18.729680676943886,0.0,73.16356372968349,19.02155324051965,0.0,3.182594602354292,25.65534448520016,True,True,True
Panther_office_Valarie,Office,1416.8,17532,0.0006839945280437965,10519,3506,3507,27.25377540497376,16.05617580198068,0.19261921058635637,34.6867626746507,10.661525447638473,0.0,3.1785865633074937,11.724943775649795,True,True,True
Robin_office_Lindsay,Office,5358.0,17544,0.0,10526,3509,3509,45.64076044231646,30.287560461696096,0.0,59.20069675121117,14.237911538271515,0.0,3.1376914777618365,19.482992886456906,True,True,True
Cockatoo_office_Kristin,Office,4603.6,16112,0.08162334701322393,9667,3222,3223,110.50728907646474,13.220378156558457,0.0,113.03931892646604,10.617019263599275,0.0,3.1331067208502663,21.642007359307343,True,True,True
Bobcat_office_Nikita,Office,3895.7,16057,0.08475832193342459,9634,3211,3212,37.56787062963194,15.4287622742621,0.0023042909634427354,34.28253988169365,13.848709269342576,0.0,3.063912735257215,20.827193759839137,True,True,True
Hog_office_Man,Office,8099.9,17540,0.00022799817601459882,10524,3508,3508,62.25892115165336,10.621297016871683,0.0,61.03177508551882,11.498129977890626,0.0,3.0631908725602752,19.621025645109903,True,True,True
Eagle_office_Lillian,Office,4844.1,17194,0.019949840401276786,10316,3439,3439,46.92292846341747,36.32720379666822,0.03320925904385251,20.29574765920326,7.491055823080397,0.005234079674323932,3.002226793557833,8.967573929785743,True,True,True
Eagle_office_Ryan,Office,2092.5,17329,0.01225490196078427,10397,3466,3466,26.275376536441804,7.765029537554211,0.003000750187546887,25.710617426428158,6.625040131588265,0.0,2.7298082510168507,13.145462195852996,True,True,True
Hog_office_Valda,Office,5255.4,17194,0.019949840401276786,10316,3439,3439,29.09600052343841,15.002308430496539,0.0,29.261092177958712,14.824370597088416,0.0,2.715990336749634,29.479122969098444,True,True,True
Rat_office_Jeannie,Office,1495.6,17448,0.005471956224350261,10468,3490,3490,43.28055364511692,19.664442499074106,0.0,36.740959885386815,15.936682989986314,0.0,2.6696855164454703,22.79124433092096,True,True,True
Panther_office_Jeane,Office,654.3,17533,0.0006269949840401745,10519,3507,3507,16.665159413677067,11.70668491108586,0.19243711857639878,21.350671827773027,9.113871369928734,0.0,2.6491259259259254,9.226513953488372,True,True,True
Panther_office_Clementine,Office,3100.2,17533,0.0006269949840401745,10519,3507,3507,38.75462227228655,20.8708691905909,0.18085895169109678,46.07154730538922,10.500794769639153,0.0,2.6415689635371806,12.155794938440486,True,True,True
Bull_office_Ella,Office,821.0,17197,0.01977884176926581,10318,3439,3440,71.90268651508984,10.613394697059974,0.0,73.80813953488372,8.05358818075404,0.0,2.6308548009367683,10.790553651628244,True,True,True
Peacock_office_Norman,Office,3044.1,17522,0.001253989968080238,10513,3504,3505,36.393263913936764,9.17340223731509,0.0,35.94558690442226,8.794464291333519,0.0,2.630799827635737,13.71205914385277,True,True,True
Hog_office_Cordelia,Office,4420.1,17194,0.019949840401276786,10316,3439,3439,25.773948005118065,14.730570805409092,5.815982319413749e-05,24.677068333817967,14.262865391097462,0.0,2.60089663250366,29.162758751902587,True,True,True
Fox_office_Rowena,Office,3132.0,17534,0.0005699954400364415,10520,3507,3507,36.85628436181134,13.19183783734313,0.0010836089882513974,39.41565155403479,14.699430197404645,0.0,2.5601406833189784,20.016487079062276,True,True,True
Eagle_office_Isidro,Office,2217.7,17429,0.006554947560419522,10457,3486,3486,22.57415801250789,11.883718072314895,0.006483447128349303,25.622776821572003,11.096082632008162,0.004302925989672977,2.506354708261121,21.08055277457222,True,True,True
Panther_office_Karla,Office,2508.4,17533,0.0006269949840401745,10519,3507,3507,28.54942727998631,19.93625309826753,0.1926082244909599,29.925430738522955,15.168395309578896,0.0,2.4979143554407117,12.568650849035183,True,True,True
Bull_office_Debbie,Office,4782.9,17504,0.002279981760145877,10502,3501,3501,28.957295475319928,11.954675525978649,0.01851005484460695,29.908169094544416,12.63956337177229,0.022850614110254214,2.454127121081392,21.793287483837116,True,True,True
Hog_office_Simon,Office,2550.4,17193,0.020006839945280408,10315,3439,3439,19.66096667248299,10.127273521423122,0.0,20.30532131433556,10.61725968158678,0.0,2.399121522693997,20.340594198323338,True,True,True
Hog_office_Migdalia,Office,6754.9,17521,0.00131098951208386,10512,3504,3505,33.720640146110384,13.03000306250843,0.0,33.02387389443653,13.154681372849259,0.0,2.3296429187015226,20.115935786968496,True,True,True
Peacock_office_Burl,Office,1661.0,17535,0.0005129958960328196,10521,3507,3507,60.14124510407757,8.84230601892298,0.0,51.96201901910465,6.936916434820623,0.0,2.3238829170255526,7.259170354177982,True,True,True
Hog_office_Mary,Office,4931.0,17511,0.0018809849521204125,10506,3502,3503,32.00684267032152,14.461136364558156,0.0,32.28776962603483,15.00226450931293,0.0,2.308622017821213,23.569724728524932,True,True,True
Wolf_office_Elisabeth,Office,2591.0,17539,0.00028499772001822077,10523,3508,3508,135.37761673983692,14.186201126268186,0.0,130.7813975199544,10.586655734162148,0.0,2.306723593570609,24.080304377564985,True,True,True
Cockatoo_office_Elbert,Office,3772.9,16085,0.0831623347013224,9651,3217,3217,29.796941249611443,6.905317739789781,0.0,28.30194538389804,7.009253197615216,0.0,2.2782649545881615,8.783540763100593,True,True,True
Cockatoo_office_Jodie,Office,2884.9,16077,0.08361833105335159,9646,3215,3216,52.62205633513716,11.667683477435405,0.0,54.484621113184076,11.988441186584545,0.0,2.2780414160401,11.527173158099416,True,True,True
Hog_office_Clemencia,Office,5453.7,17252,0.01664386684906516,10351,3450,3451,78.35176228843034,13.086559141014348,0.0,75.77776818313532,11.358890683551163,0.0,2.271814123139772,21.144205891196194,True,True,True
Panther_office_Antonette,Office,1752.2,17531,0.0007409940720474184,10518,3506,3507,25.38270306314529,15.50078437231539,0.19268723974673435,35.17669968634161,9.536408026806582,0.0,2.2056965834051105,12.913791381668947,True,True,True
Bull_office_Trevor,Office,3546.4,17521,0.00131098951208386,10512,3504,3505,38.21454254894127,24.621924622398975,0.25557901946235945,49.34179743223966,15.052400405500963,0.04536376604850214,2.171502441827061,15.288999755717153,True,True,True
Fox_office_Berniece,Office,2173.2,17349,0.011114911080711387,10409,3470,3470,27.32266240129114,13.476008805355452,0.000979883566776183,26.645198847262247,11.370505150661032,0.00028818443804034583,2.137579802669762,17.048582521354092,True,True,True
Panther_office_Kristen,Office,8719.9,17533,0.0006269949840401745,10519,3507,3507,41.90873055381281,25.00480458673581,0.1926082244909599,52.08977102936983,20.76841442559462,0.0,2.043309732988803,3.733825581395351,True,True,True
Hog_office_Alexis,Office,2693.4,17371,0.009860921112631149,10422,3474,3475,19.025325082033277,12.44671998260641,0.00011513441943469,19.091338705035973,11.494430856577711,0.0,1.9759571138800345,17.122562297603313,True,True,True
Hog_office_Emmanuel,Office,1899.3,17332,0.012083903328773404,10399,3466,3467,27.90410650819294,6.878008514924135,0.0,27.435060571098937,6.50662267629319,0.0,1.944812372930584,15.641771550178184,True,True,True
Rat_office_Annis,Office,594.6,17143,0.022856817145462838,10285,3429,3429,32.6165175290206,10.736184856289388,0.0,32.56090988626421,9.603924995373275,0.0,1.9431982378854626,11.563871644130902,True,True,True
Fox_office_Easter,Office,2766.5,17317,0.012938896488828067,10390,3463,3464,22.455927123635735,10.338402070614238,0.00034648033724086157,21.3814896073903,9.09948505499395,0.0008660508083140878,1.9256802325581395,15.518582463504675,True,True,True
Fox_office_Susanne,Office,941.6,17522,0.001253989968080238,10513,3504,3505,17.63435338431686,9.49794904216297,0.0001141422212076247,18.98022539229672,10.074151490404708,0.0,1.919373743177248,13.21879103465169,True,True,True
Wolf_office_Bobbie,Office,4691.0,17193,0.020006839945280408,10315,3439,3439,27.24974248240563,11.698534111374999,5.816320595591229e-05,26.506522971794126,10.98890239423809,0.0,1.8979751098096636,22.90143914051813,True,True,True
Robin_office_Adolph,Office,1321.0,17543,5.699954400362195e-05,10525,3509,3509,27.07951022630109,6.915561782283896,0.0,23.99465528640639,6.604166321022185,0.0,1.8607711908177906,11.442035841313263,True,True,True
Eagle_office_Chantelle,Office,2202.0,17385,0.009062927496579998,10431,3477,3477,30.893754506758704,12.166027192390025,0.0636180615473109,25.967454702329594,4.88252450750053,0.0,1.8534176947581813,4.6497508521818,True,True,True
Hog_office_Concetta,Office,2699.9,17215,0.01875284997720017,10329,3443,3443,7.688992158001743,10.097154722447648,0.4300900377577694,12.942492012779553,9.875269360231528,0.0,1.8207078093009652,7.510763810292395,True,True,True
Wolf_office_Rochelle,Office,3115.0,17191,0.020120839033287763,10314,3438,3439,16.250233116165433,8.900962192724814,0.0002326798906404514,16.127462198313463,9.294602053064384,0.0011631288165164292,1.7996427525622256,18.273878907076003,True,True,True
Hog_office_Carri,Office,2365.6,17122,0.024053807569539454,10273,3424,3425,33.93229768718607,11.11886957905695,0.0,32.70927795620438,9.935513045670895,0.0,1.7901484857394885,16.22682916218813,True,True,True
Cockatoo_office_Gail,Office,2909.4,15792,0.09986320109439129,9475,3158,3159,20.896820649696046,7.714245202527257,0.00012664640324214793,19.332130421019308,6.234181189450255,0.0,1.7456671770334926,10.776878659199642,True,True,True
Fox_office_Juana,Office,2671.0,17010,0.030437756497948,10206,3402,3402,18.153726631393297,7.913664406750588,0.00011757789535567314,17.03962375073486,7.142609141575941,0.00029394473838918284,1.7239342806394315,13.468386377549866,True,True,True
Robin_office_Shirlene,Office,4647.0,17543,5.699954400362195e-05,10525,3509,3509,31.438122852419767,9.31376288714752,0.0,30.89750253633514,9.858824844491908,0.0,1.721231649928264,13.31217113543092,True,True,True
Hog_office_Sung,Office,3328.6,16955,0.03357273141814865,10173,3391,3391,46.61489371866706,10.831757245852884,0.0,44.70094691831318,9.156109151264465,0.0,1.6965161865161866,12.646890447749314,True,True,True
Robin_office_Dina,Office,4213.0,17522,0.001253989968080238,10513,3504,3505,35.567771156260704,10.912151300731809,0.0,31.117548188302425,9.430150382780932,0.0,1.6774840563056592,14.79996631045083,True,True,True
Panther_office_Lois,Office,1186.3,17532,0.0006839945280437965,10519,3506,3507,118.75506683207848,61.13930182043568,0.19250513347022588,128.62487798688338,10.730701458239206,0.0,1.6119909273614703,7.159357318741428,True,True,True
Bull_office_Nicolas,Office,1943.3,17203,0.019436844505243966,10321,3441,3441,20.203278497936406,5.13377761132109,0.0066267511480555714,18.143998837547226,4.792615729046002,0.007555943039814008,1.5940883816213052,8.424172908863921,True,True,True
Rat_office_Rosemary,Office,2787.1,17491,0.0030209758321932956,10494,3498,3499,16.548160196672573,6.486922628893427,5.717226001943857e-05,16.514361246070305,5.609349258068659,0.0,1.5540978417266187,8.933223593964332,True,True,True
Bull_office_Ivette,Office,3229.1,17496,0.002735978112175075,10497,3499,3500,23.312014174668494,6.450898812247254,0.02263374485596708,23.133,7.20472738653488,0.02457142857142857,1.4053509781357882,10.306429548563614,True,True,True
Hog_office_Miriam,Office,1418.5,17544,0.0,10526,3509,3509,23.047986434108527,7.241345590844546,0.0,22.762610430322027,6.728855974763705,0.0,1.4046088952654232,13.441424076607387,True,True,True
Hog_office_Elsy,Office,3698.2,17478,0.003761969904240714,10486,3496,3496,27.098148644009616,7.2099535474817165,0.0,25.813291762013733,6.097366318114541,0.0,1.3699766705069125,9.748793749928556,True,True,True
Wolf_office_Joana,Office,1355.0,17541,0.00017099863201097687,10524,3508,3509,14.819660509663075,4.982337625761826,0.00011401858502935979,13.999529780564265,4.063150059760627,0.0,1.3644935437589671,3.4600526675786583,True,True,True
Eagle_office_Mable,Office,2568.4,17544,0.0,10526,3509,3509,15.877432267441861,4.925399346224673,0.007124943000455996,15.29175976061556,5.555352416233279,0.001139925904816187,1.3550854519368725,6.61843803009576,True,True,True
Wolf_office_Emanuel,Office,2005.0,17193,0.020006839945280408,10315,3439,3439,15.219825364974117,6.160533740166506,0.00011632641191182458,15.498004507124163,6.452391609621502,0.0,1.2996720351390922,8.62457837137303,True,True,True
Cockatoo_office_Jimmy,Office,1369.8,16096,0.08253533971728222,9657,3219,3220,13.696724863320082,6.167622120267372,0.0,10.36605850931677,5.132405659625468,0.0,1.2724890488110137,9.715253056294543,True,True,True
Eagle_office_Phyllis,Office,1994.5,17194,0.019949840401276786,10316,3439,3439,39.9005283529138,9.957766033652273,0.047342096080027915,38.9061931666182,13.284299880920978,0.09479499854608898,1.2237563396778914,10.288750479997915,True,True,True
Robin_office_Soledad,Office,957.0,17420,0.007067943456452341,10452,3484,3484,13.099373013777267,4.776727978993917,0.0,13.400152066590127,4.669392610226428,0.0,1.2119578034682081,6.314315667599766,True,True,True
Panther_office_Hannah,Office,375.1,17524,0.001139990880072994,10514,3505,3505,5.387134895001141,4.203601919403937,0.19276420908468386,5.6338506134094155,3.381988641847669,0.0,1.207898046538351,4.93016849071454,True,True,True
Robin_office_Saul,Office,2937.0,17359,0.010544915640674835,10415,3472,3472,17.089596595426006,8.840267574599737,0.00023042802004723774,23.775172868663596,13.449550928875762,0.001152073732718894,1.1822487238979118,3.8333680604460625,True,True,True
Wolf_office_Haydee,Office,1129.0,17193,0.020006839945280408,10315,3439,3439,8.234345809341011,5.298523102776207,5.816320595591229e-05,7.9053511195114865,5.515946231540414,0.0,1.1419692532942898,7.869515743070483,True,True,True
Robin_office_Addie,Office,1495.0,17487,0.0032489740082078944,10492,3497,3498,20.602102950763424,6.338451960253339,0.0,19.596901172098338,6.049984347052817,0.0,1.0876553828439839,8.23677644111223,True,True,True
Rat_office_Mei,Office,743.2,17153,0.022286821705426396,10291,3431,3431,20.444468606074736,5.305584249440418,0.0,17.228125910813173,5.09486837139413,0.0,1.0802318755503377,5.6052059462352055,True,True,True
Panther_office_Lavinia,Office,1001.4,17528,0.0009119927040583953,10516,3506,3506,18.532574149931538,10.0702820150195,0.1926631675034231,21.956297204791785,4.980198397178887,0.0,1.0485674612291787,4.837703830369357,True,True,True
Bobcat_office_Alma,Office,1060.9,16428,0.06361149110807118,9856,3286,3286,4.325752087898709,1.8053426801040322,0.01095690284879474,3.947658551430311,1.7150121940919147,0.010651247717589775,1.0263708154506437,2.0488706424792142,True,True,True
Bull_office_Claudia,Office,2272.7,17208,0.019151846785225746,10324,3442,3442,33.374680381218035,2.388244813030099,0.0,33.73097036606624,2.295998499713115,0.0,1.0140433001755413,4.1042804205530174,True,True,True
Cockatoo_office_Lorraine,Office,1070.6,16053,0.08498632010943907,9631,3211,3211,6.748322226375132,2.263395812971109,0.0,6.9270138897539715,1.9079323045752026,0.0,1.0044058989645435,3.224518712045156,True,True,True
Fox_office_Sheila,Office,901.4,17541,0.00017099863201097687,10524,3508,3509,9.317289208140927,4.574447295958238,0.0001710278775440397,10.813328583642063,4.5971176654406865,0.0,0.9572338593974176,5.189403331896632,True,True,True
Hog_office_Alisha,Office,3103.1,17544,0.0,10526,3509,3509,8.828238144094847,5.911949485264164,0.2851687186502508,12.320319179253348,1.1800035794729142,0.0,0.8832424677187949,1.2219015047879616,True,True,True
Bull_office_Anne,Office,1499.0,17163,0.021716826265389844,10297,3433,3433,20.728951814950765,2.4444725896431505,0.0,20.318234780075734,2.4286844498488764,0.0,0.8433558228219419,2.5568960061257897,True,True,True
Hog_office_Merilyn,Office,3446.3,17544,0.0,10526,3509,3509,30.202680118559055,8.69945980606665,0.0,33.869767455115415,7.452150082198041,0.0,0.8361142037302727,6.082902188782487,True,True,True
Rat_office_Tracy,Office,1275.4,17492,0.0029639762881896736,10495,3498,3499,20.585011433798307,5.276572190408456,0.0006288589069288818,18.417790797370678,4.565020952515226,0.0,0.8275338129496402,3.568559670781891,True,True,True
Hog_office_Patrick,Office,964.8,17187,0.02034883720930236,10312,3437,3438,10.58950846570082,3.9775321514144997,0.0,9.312003781268178,3.2584103043872052,0.0,0.7599745166959578,6.063188365171648,True,True,True
Hog_office_Leon,Office,1938.3,17394,0.008549931600547178,10436,3479,3479,6.540128780039094,3.091042233598434,5.749108888122341e-05,6.418913480885311,2.9857703870114514,0.0,0.7301881331403762,5.928351834560985,True,True,True
Fox_office_Molly,Office,576.3,17191,0.020120839033287763,10314,3438,3439,6.817374207434122,4.668568309513853,0.0008143796172415798,5.136696714161093,3.5251158613859057,0.0005815644082582146,0.727177159590044,5.707167259188872,True,True,True
Panther_office_Danica,Office,210.0,17517,0.0015389876880984588,10510,3503,3504,4.106227327738768,2.8133206237397004,0.1928412399383456,5.161507305936073,2.373272140155144,0.0,0.7231361206896552,2.5698356547180587,True,True,True
Fox_office_Margarita,Office,2187.8,17541,0.00017099863201097687,10524,3508,3509,18.96486916367368,6.000838150154181,0.009691579727495582,18.62762325448846,5.823901586461075,0.0,0.7217847919655668,6.8031600547195605,True,True,True
Hog_office_Marilyn,Office,5525.5,17540,0.00022799817601459882,10524,3508,3508,37.37318688711517,12.39467554481574,0.007753705815279362,23.090523660205246,7.044219582138963,0.0,0.7063788748564869,13.893536251709982,True,True,True
Cockatoo_office_Roxanna,Office,2008.4,16095,0.08259233926128595,9657,3219,3219,7.743552873563218,1.7800489552148429,0.0,7.741653743398571,1.680094991530579,0.0,0.6273239436619719,2.5230122135675215,True,True,True
Bull_office_Hilton,Office,743.6,17160,0.02188782489740082,10296,3432,3432,6.50530303030303,1.21853205239669,0.005536130536130536,6.631410256410256,1.220781349008064,0.007284382284382284,0.5762910798122066,1.2096754768000677,True,True,True
Gator_office_Lisa,Office,3729.3,16016,0.08709530323757408,9609,3203,3204,187.524352253996,31.947642515072673,0.0,175.7490647940075,24.59595072089008,0.0,0.5404875786163522,0.28036533625078164,True,True,True
Rat_office_Ramiro,Office,8297.6,17309,0.013394892840857264,10385,3462,3462,35.05514530013288,12.650453677247983,0.0,31.998778162911613,4.437491365208452,0.0,0.5181384525887144,4.715423023578367,True,True,True
Gator_office_August,Office,4487.2,15264,0.12995896032831733,9158,3053,3053,58.40277720125786,19.129434318492894,0.0031446540880503146,53.01261028496561,17.888088006753883,0.007861120209629872,0.5078680092439749,0.0,True,True,True
Eagle_office_Mandi,Office,820.9,17194,0.019949840401276786,10316,3439,3439,16.421942014656274,4.098350741804602,0.047342096080027915,16.01232239022972,5.467241365200629,0.09479499854608898,0.5038145827232797,4.234344914105108,True,True,True
Lamb_office_Gerardo,Office,4859.0,17420,0.007067943456452341,10452,3484,3484,8.410340419058555,10.32762677619548,0.002640642939150402,3.4880543053960964,8.536260522439836,0.0,0.46212953757225433,7.5044675475090035,True,True,True
Cockatoo_office_Margaret,Office,8572.3,16099,0.08236434108527135,9659,3220,3220,3.2414031927448907,0.8232882681826768,0.0,3.1974016459627332,0.7547386202239417,0.0,0.41371245306633286,1.0942537115631006,True,True,True
Gator_office_Hunter,Office,1314.6,15982,0.08903328773369812,9589,3196,3197,38.934815992992114,11.627862020563954,0.007508447002878238,40.45485433218642,12.349383116152264,0.030028151391929936,0.3625845572013867,0.02735987734723011,True,True,True
Gator_office_Betty,Office,542.5,16270,0.07261741906064756,9762,3254,3254,30.682605955746773,9.252186144329139,0.0,29.186540872771975,8.854230046660396,0.0,0.3108877399380805,0.025620684749785738,True,True,True
Lamb_office_Raymond,Office,1805.0,17512,0.0018239854081167906,10507,3502,3503,6.871335090223847,8.713469338874033,0.002626770214709913,2.27769203539823,5.451037461473304,0.0,0.30798493820063233,7.5267336956006154,True,True,True
Lamb_office_Maggie,Office,1134.0,17194,0.019949840401276786,10316,3439,3439,2.1094657438641384,3.2738197160411335,0.0176805862510178,1.037016749054958,2.676057671819956,0.0002907822041291073,0.19567197657393853,3.1545853886405064,True,True,True
Lamb_office_Stefani,Office,1063.0,17544,0.0,10526,3509,3509,10.482237477200183,8.892999647454156,0.003875968992248062,1.5062436021658592,4.832428231441078,0.006269592476489028,0.17034791965566715,9.348385772913815,True,True,True
Gator_office_Julie,Office,527.7,16702,0.04799361605107155,10021,3340,3341,7.788050347263802,3.0639545385050093,0.01868039755717878,8.15918272972164,3.5553004306104268,0.02873391200239449,0.11079303587579137,0.005903904981948038,True,True,True
Eagle_office_Amie,Office,9581.8,14193,0.1910054719562243,8515,2839,2839,464.76289470865925,59.612632547464855,0.0,486.68073821768223,58.2735502932234,0.0,0.06993737122557726,0.842906265720103,True,True,True
Lamb_office_Callie,Office,689.0,17544,0.0,10526,3509,3509,3.376002245782034,2.4621279544131833,0.0025649794801641587,0.45564365916215444,1.3846513114800485,0.006269592476489028,0.06647078909612626,1.5570998632010942,True,True,True
Panther_office_Christin,Office,1474.9,17183,0.02057683538531696,10309,3437,3437,12.899798341383924,18.373697235149688,0.2300529593202584,0.4819737270875763,0.043356192644906075,0.0,0.043480808672721936,3.717357440637681,True,True,True
Hog_office_Buford,Office,2521.9,17061,0.027530779753761947,10236,3412,3413,1.4755246468554013,0.5592372190859161,0.0018756227653713147,1.516729856431292,0.5722569304183619,0.0005859947260474656,0.028182944821481263,0.03981979370092659,True,True,True
Lamb_office_Kerry,Office,3962.0,17194,0.019949840401276786,10316,3439,3439,0.9692563045248344,1.065182637608326,0.41258578573921134,0.16033439953474843,0.3400087727177307,0.7630125036347776,0.0159502196193265,0.529885434501759,True,True,True
Lamb_office_Kent,Office,1200.0,17465,0.004502963976288243,10479,3493,3493,0.2930643687374749,0.3108290775437569,0.3037503578585743,0.03684511880904667,0.17610477681214026,0.945319209848268,0.013721533583165177,0.2202583356133151,True,True,True
Gator_office_Merle,Office,794.5,16822,0.04115367077063381,10093,3364,3365,1.1560456901676375,0.6885424087611572,0.10551658542384972,1.2127274591381874,0.57260087948462,0.00713224368499257,0.01242161029631847,0.0021878534445987086,True,True,True
Lamb_office_William,Office,732.0,17194,0.019949840401276786,10316,3439,3439,1.3071071187623589,1.6180639703192834,0.07857392113527975,0.04236088979354464,0.2730819852937352,0.00639720849084036,0.011303162518301612,0.4963691707902236,True,True,True
Gator_office_Lucy,Office,16315.4,16366,0.0671454628362973,9819,3273,3274,210.46034448246365,192.1344320434572,0.021996822681168277,0.7970653023824069,0.29526155762203854,0.04398289554062309,0.007563938461538461,0.5093893841642512,True,True,True
Lamb_office_Donita,Office,972.0,17194,0.019949840401276786,10316,3439,3439,0.2834378620448994,0.2694997563557452,0.06967546818657672,0.013180081419017158,0.06349020092674373,0.006687990694969468,0.0037189165446559294,0.06330196808510641,True,True,True
Lamb_office_Peggy,Office,432.0,17285,0.014762881896944857,10371,3457,3457,1.6856807983800983,2.358265884078122,0.008215215504772925,0.20347529649985538,0.3669056647240166,0.0,0.0019457908534809202,1.9978231303014442,True,True,True
Bobcat_other_Howard,Other,428.0,15925,0.09228226174190601,9555,3185,3185,38.00459752590267,59.70288183077799,0.0032025117739403453,27.516662511773944,42.967482724287386,0.0012558869701726845,17.62884302435938,38.52886796482481,True,True,True
Panther_other_Lucina,Other,21043.1,16940,0.03442772457820342,10164,3388,3388,304.8248039610389,146.81482062645583,0.17922077922077922,375.38099849468716,39.77423672524855,0.0008854781582054309,7.77263614744352,126.60598792530226,True,True,True
Hog_other_Tobias,Other,2220.7,17527,0.0009689922480620172,10516,3505,3506,37.469705825298114,12.466950253554101,0.0,35.44777837992014,11.179450901338944,0.0,3.7655585870189543,20.771548563611486,True,True,True
Bobcat_other_Jovita,Other,416.4,15978,0.08926128590971272,9586,3196,3196,29.21693144323445,38.904867034924514,0.015270997621729879,23.375787922403006,35.975775722017616,0.014705882352941176,3.1989343316519547,21.502175988754708,True,True,True
Rat_other_Hazel,Other,3195.9,17489,0.0031349749202006505,10493,3498,3498,374.05186631597,29.27300556396204,0.0,360.37143224699827,17.448594694441027,0.0,3.0926511226252162,11.422277091906722,True,True,True
Rat_other_Al,Other,982.7,17492,0.0029639762881896736,10495,3498,3499,52.718089412302774,21.131211979176786,0.0024010976446375487,45.642697913689624,16.351896211941913,0.0,2.2957496402877697,7.324650205761316,True,True,True
Bobcat_other_Timothy,Other,938.6,17512,0.0018239854081167906,10507,3502,3503,18.32310506509822,9.050779924809047,0.059673366834170856,20.551659606051956,7.731053147033674,0.003996574364830145,2.2440703363035355,11.618330448216167,True,True,True
Rat_other_Daphne,Other,10431.4,17364,0.010259917920656614,10418,3473,3473,11.576563579820316,5.123268774231085,0.0001151808339092375,11.809968327094731,5.065843585646928,0.0,1.632180342128153,2.755357218958327,True,True,True
Lamb_other_Minerva,Other,522.0,17544,0.0,10526,3509,3509,8.382285852713176,8.108525627978446,0.06418148654810761,5.512572128811628,6.846127539574079,0.012824166429182103,1.1167295265423245,9.349931600547194,True,True,True
Panther_other_Tyrone,Other,889.0,16119,0.08122435020519836,9671,3224,3224,23.274705999131463,12.956944181421102,0.12159563248340467,26.362697115384616,10.32460525675461,0.0,1.05780915625,6.768442420028741,True,True,True
Lamb_other_Katharina,Other,536.0,17528,0.0009119927040583953,10516,3506,3506,9.220397267229576,10.228855962964017,0.002624372432679142,7.608713177410152,12.785239363322361,0.0,0.9481959793222287,5.017629118838655,True,True,True
Gator_other_Elfriede,Other,2665.7,16870,0.038417692658458735,10122,3374,3374,49.27658427385892,31.078071958691453,0.0,63.745179727326615,25.076878789820555,0.0,0.711330776119403,0.025905443148673157,True,True,True
Hog_other_Noma,Other,2568.6,17544,0.0,10526,3509,3509,26.032937528499772,5.564395558313531,0.0,25.609884012539183,3.0296904483968627,0.0,0.6777443328550934,1.5867503419972628,True,True,True
Panther_other_Bettie,Other,436.5,17182,0.020633834929320582,10309,3436,3437,11.618406908392505,5.742887889217977,0.17617273891281574,15.899152022112306,1.8133455190479821,0.0,0.6414794901845883,3.9529647738180813,True,True,True
Gator_other_Reginald,Other,3889.0,16150,0.0794573643410853,9690,3230,3230,54.478017492260065,19.339536780223252,0.005944272445820433,50.21413640866873,17.464503310171647,0.014860681114551083,0.45565639426076104,0.03796509722464947,True,True,True
Rat_other_Lan,Other,999.8,17144,0.022799817601459216,10286,3429,3429,13.821514815678954,1.7805372897371377,0.0,14.060746573345,1.8380962777153793,0.0,0.4010513950073421,1.5185508974104245,True,True,True
Panther_other_Bethel,Other,281.0,17532,0.0006839945280437965,10519,3506,3507,3.358289984029204,1.875656593179101,0.19261921058635637,4.156769917308241,1.0961737978923358,0.0,0.30604272179155906,1.4565754816578762,True,True,True
Gator_other_Cassandra,Other,2567.8,16846,0.03978568171454633,10107,3369,3370,23.81001657366734,13.417301926281441,0.0014246705449364834,17.720922729970326,12.527185822530193,0.007121661721068249,0.30593947997609083,0.01563361986162093,True,True,True
Gator_other_Minda,Other,145.5,15663,0.10721614227086185,9397,3133,3133,5.254261986847986,4.158075367821312,0.030645470216433632,5.95366923076923,4.8499916764952005,0.038301947015639964,0.18768047603731103,0.037490594454137494,True,True,True
Panther_other_Lula,Other,192.3,17532,0.0006839945280437965,10519,3506,3507,1.0469592288386949,0.8828925988693673,0.19250513347022588,1.1814995722840036,0.7302971150967311,0.0,0.14483321848980762,0.8510800313004905,True,True,True
Hog_other_Lynette,Other,6021.0,17341,0.011570907432740585,10404,3468,3469,3.0805605213078833,0.7560795613434499,0.0,2.226895358893053,0.656212009130327,0.0,0.10560232220609578,0.2908343711083434,True,True,True
Gator_other_Russel,Other,397.3,15528,0.11491108071135436,9316,3106,3106,10.412793817619782,2.9769043772163832,0.012364760432766615,9.14572202189311,3.0575186341122906,0.030907920154539602,0.1045046722907203,0.0,True,True,True
Gator_other_Gertrude,Other,237.4,16942,0.03431372549019607,10165,3388,3389,2.324577800731909,1.3988497610995445,0.015523550938496045,2.866195780466214,1.4802979117346224,0.007081735025081145,0.03233025260029718,0.0040095488346638675,True,True,True
Gator_other_Glen,Other,1138.9,16128,0.08071135430916554,9676,3226,3226,2.9380595238095237,0.9250755466728944,0.0,3.005009733415995,1.019621675586085,0.0,0.02425574640849469,0.0,True,True,True
Gator_other_Refugio,Other,869.3,16055,0.08487232102143183,9633,3211,3211,0.25829940828402365,0.14777205958770276,0.017938336966677047,0.18683976954219866,0.10982428817550963,0.00747430706944877,0.004981550047066206,6.122284578824466e-05,True,True,True
Hog_parking_Shannon,Parking,63138.2,17543,5.699954400362195e-05,10525,3509,3509,111.76363107792282,46.05076369535196,0.0,113.75748760330579,49.180886288805155,0.0,7.828985652797704,25.357897400820775,True,True,True
Hog_parking_Cliff,Parking,9320.8,17488,0.0031919744642042724,10492,3498,3498,102.75086567932296,23.82522691838516,0.0,97.7854728416238,21.83344863154574,0.0,5.582438975244675,39.07859097881976,True,True,True
Hog_parking_Jeana,Parking,7782.7,17536,0.00045599635202919764,10521,3507,3508,28.387232493156933,12.057629525246007,0.007755474452554745,25.164257981755988,11.459841621861738,0.0,4.3886880022962105,11.97768515278397,True,True,True
Panther_parking_Jody,Parking,36012.7,17498,0.002621979024167831,10498,3500,3500,23.850024974282775,21.12014929771084,0.23934163904446223,30.672868057142857,18.943159467650048,0.052,4.367745195627157,36.283217703697716,True,True,True
Panther_parking_Adela,Parking,36012.7,17533,0.0006269949840401745,10519,3507,3507,37.080684360919406,23.782900818176014,0.1926082244909599,48.00210960935272,15.98622154894915,0.0,3.753436347975883,29.666946767211048,True,True,True
Hog_parking_Marcus,Parking,25222.4,17541,0.00017099863201097687,10524,3508,3509,85.5255574368622,42.79884105871236,0.0019953252380137962,83.06889142205756,36.497520422245834,0.0,3.446863414634146,11.807508207934333,True,True,True
Panther_parking_Charlene,Parking,45284.0,17532,0.0006839945280437965,10519,3506,3507,34.31162493155373,20.600433742013383,0.19267624914442164,44.2969130310807,13.082401028893186,0.0,3.368952512202125,23.28098283032995,True,True,True
Hog_parking_Jean,Parking,16561.8,17194,0.019949840401276786,10316,3439,3439,54.188603698964755,40.9047862776765,0.0,56.10674294853156,46.44483806262853,0.0,2.986674084919473,6.534725661705579,True,True,True
Panther_parking_Alaina,Parking,36012.7,17532,0.0006839945280437965,10519,3506,3507,30.131451671229755,18.410786805641045,0.19170659365731235,38.05676256059309,12.49436782631392,0.0,2.6832929371231695,21.318376175410346,True,True,True
Fox_parking_Felipa,Parking,51767.1,17291,0.014420884632922903,10374,3458,3459,61.91125440980857,11.10232492045173,0.0,61.46246313963572,10.233523732480748,0.0,2.6020029112081517,24.627134986225897,True,True,True
Hog_parking_Bernardo,Parking,7796.3,17534,0.0005699954400364415,10520,3507,3507,64.11035702064561,19.34175489270498,0.0,55.402623324779015,10.900377035795657,0.0,2.37496411139822,36.84695036019959,True,True,True
Rat_parking_Ronnie,Parking,163.5,17374,0.009689922480620172,10424,3475,3475,16.6667704616093,7.455870414064525,0.00040290088638195,16.55653237410072,8.354292590937613,0.0,2.373781512605042,6.088975208044383,True,True,True
Bear_parking_Bruce,Parking,28441.3,17412,0.007523939808481539,10447,3482,3483,42.160070629450956,3.902634916605248,0.0,40.24083006029285,3.3071347385903596,0.0,2.2464988725065047,3.818807073700846,True,True,True
Panther_parking_Stanley,Parking,36012.7,17532,0.0006839945280437965,10519,3506,3507,34.872285654802646,20.491060347016806,0.1933036732831394,46.1562376104933,10.388396019888274,0.0,1.933619982773471,19.469279890560873,True,True,True
Panther_parking_Asia,Parking,36012.7,17533,0.0006269949840401745,10519,3507,3507,21.725699749044654,13.532509161045937,0.1926082244909599,27.535536384374108,9.241378619414586,0.0,1.8271954636807353,16.082347381211076,True,True,True
Panther_parking_Mellissa,Parking,36012.7,17533,0.0006269949840401745,10519,3507,3507,12.188183442651003,7.030370572711939,0.1900416357725432,15.01273983461648,3.6007078339320104,0.0,1.4050831754234856,6.638336196540056,True,True,True
Fox_parking_Lynelle,Parking,14596.3,17457,0.00495896032831733,10474,3491,3492,13.067680586584178,5.180412914261495,5.7283611158847455e-05,13.852875143184423,4.9090042316990505,0.0,1.3877191464821224,10.448781381067633,True,True,True
Hog_parking_Antoinette,Parking,1949.7,17541,0.00017099863201097687,10524,3508,3509,18.79214411949148,5.326304038082886,0.0,17.05215161014534,5.551475642156373,0.0,1.3790530846484936,5.987004103967166,True,True,True
Fox_parking_Tommie,Parking,37633.4,17191,0.020120839033287763,10314,3438,3439,87.09817578965739,10.287317355687867,0.0,79.61507414946205,2.7133903877553007,0.0,1.1752327964860907,4.603169338385314,True,True,True
Panther_parking_Lorriane,Parking,36012.7,17533,0.0006269949840401745,10519,3507,3507,8.661108127530941,4.899922566148638,0.19226601266183768,8.839533162246935,1.709156146185173,0.0,0.5994961240310078,4.305906176029604,True,True,True
Bear_parking_Gordon,Parking,9154.6,17499,0.002564979480164209,10499,3500,3500,27.76254725412881,0.7419136908270278,0.0,28.250918142857138,0.5706222746385685,0.0,0.12044994246260067,1.1335316195952423,True,True,True
Hog_public_Kevin,Public services,35416.6,17194,0.019949840401276786,10316,3439,3439,523.6940401593579,321.6443356772479,0.0,509.1062756324513,320.2549641307545,0.0,54.65630278184479,460.821305314716,True,True,True
Eagle_public_Pearle,Public services,22990.8,17194,0.019949840401276786,10316,3439,3439,346.9562930266372,136.01166532370715,0.02454344538792602,349.15053457400404,108.79840612950024,0.0,24.005473879941437,284.2141275051912,True,True,True
Rat_public_Alanna,Public services,42888.4,17303,0.013736890104879107,10381,3461,3461,1165.342615731376,331.487048896181,0.0,1083.8258537994798,393.89440611667646,0.0,21.7622461448938,81.70495631067956,True,True,True
Bear_public_Valorie,Public services,17598.2,17542,0.0001139990880072439,10525,3508,3509,194.4200015904686,82.83772144505706,0.0,216.7492522086064,87.10899282843646,0.0,18.557525968436156,175.23603693570453,True,True,True
Hog_public_Crystal,Public services,27388.9,17475,0.003932968536251691,10485,3495,3495,298.9754737625179,119.0024933921647,0.0,288.93533590844066,108.80639980725758,0.0,18.039727744165948,201.32938899440757,True,True,True
Hog_public_Brad,Public services,22066.1,17513,0.0017669858641130576,10507,3503,3503,1000.3707965511334,89.22172562589147,0.0,968.498702826149,84.20843385490002,0.0,16.46261253233688,160.8890927034596,True,True,True
Peacock_public_Kelvin,Public services,37324.1,17533,0.0006269949840401745,10519,3507,3507,284.6028260651343,79.63446319315126,0.0,270.31010325064153,68.05663958781334,0.0,16.17577283950617,158.14512791269703,True,True,True
Eagle_public_Preston,Public services,25861.3,17193,0.020006839945280408,10315,3439,3439,320.3201298784389,76.78620691415215,0.0,314.69758650770575,70.34409567991275,0.0,14.646852122986823,150.65838539477306,True,True,True
Rat_public_Kimber,Public services,9587.6,17540,0.00022799817601459882,10524,3508,3508,227.70542075256557,160.4717468592067,0.0,116.68105473204105,56.27587860682087,0.0,13.947310562571758,82.03948705101715,True,True,True
Fox_public_Bart,Public services,9407.5,17354,0.010829913360693166,10412,3471,3471,133.03579059582808,50.73769845884306,5.762360262763628e-05,126.94014981273409,59.135830801335075,0.0,13.341821874093412,103.0169603433296,True,True,True
Bear_public_Rayna,Public services,15469.7,17192,0.02006383948928414,10315,3438,3439,112.62769194974406,67.38849152345374,0.0,109.57844457691189,66.06065913682694,0.0,13.250507642752563,140.40157546283632,True,True,True
Bear_public_Arlean,Public services,12131.4,15092,0.13976288189694486,9055,3018,3019,141.8960951497482,42.41379723469809,0.00013252054068380598,164.8725591586618,48.25114389776269,0.0,13.088764941569282,55.23577111571869,True,True,True
Wolf_public_Norma,Public services,23500.0,17539,0.00028499772001822077,10523,3508,3508,146.65729225155368,73.02488853463657,0.0,133.91019176168757,67.28270229374866,0.0,11.729894603903558,141.90682216142272,True,True,True
Fox_public_Rhonda,Public services,9555.6,17541,0.00017099863201097687,10524,3508,3509,107.81252722193717,38.86910197092594,0.00022803717005871957,103.39599316044458,35.06945871533299,0.0008549444286121402,11.396978479196557,60.40697674418605,True,True,True
Rat_public_Bronwyn,Public services,51583.7,17201,0.01955084359325121,10320,3440,3441,444.8546293820127,88.31101170265339,0.0,453.97255448997385,81.64034692400651,0.0,10.854925373134328,101.87263574951498,True,True,True
Rat_public_Yessenia,Public services,2043.9,17492,0.0029639762881896736,10495,3498,3499,113.69111536702492,50.727010361953994,0.0,99.94562160617319,48.86088489461159,0.0,10.24516834532374,83.87165980795609,True,True,True
Cockatoo_public_Leah,Public services,22299.1,16118,0.08128134974920198,9670,3224,3224,167.6152929457749,40.43243773406471,0.0,167.09400589330022,37.740186124251366,0.0,9.165890625,94.67382064869581,True,True,True
Bear_public_Lowell,Public services,12299.8,17191,0.020120839033287763,10314,3438,3439,205.57401586876856,39.3885385623271,0.0,204.2245458854318,40.66501998074819,0.0,8.437232796486091,80.60678122060574,True,True,True
Robin_public_Carolina,Public services,10984.0,17544,0.0,10526,3509,3509,140.3392472241222,37.79694792502243,0.0,150.03667614705046,42.60276116117823,0.0,8.436721090387374,64.83742393980849,True,True,True
Hog_public_Octavia,Public services,18554.8,17379,0.009404924760601951,10427,3476,3476,195.29385424938144,43.04756223839173,0.0,187.35787456846953,35.335634625779555,0.0,8.222082560834298,91.36659987658709,True,True,True
Eagle_public_Ola,Public services,8874.7,17210,0.01903784769721839,10326,3442,3442,130.41620162696105,37.59507266956209,0.002672864613596746,143.1836141778036,34.236403230636284,0.0002905287623474724,7.516091281451141,31.431471758293384,True,True,True
Rat_public_Lloyd,Public services,5022.4,17462,0.004673962608299109,10477,3492,3493,71.71701294238919,24.467552547634046,0.0,69.23988548525622,20.329122608686056,0.0,7.252874027097146,24.224299450549452,True,True,True
Cockatoo_public_Valerie,Public services,22582.1,16119,0.08122435020519836,9671,3224,3224,441.5727190458465,50.38024790175851,0.0,460.29790114764273,50.35181858101865,0.0,7.245606749999999,56.235563395876284,True,True,True
Cockatoo_public_Caleb,Public services,12710.7,16110,0.08173734610123118,9666,3222,3222,181.7870277094972,54.149183699904476,0.0,152.7507707324643,39.94863360224139,0.0,7.060965165728581,90.51557377049178,True,True,True
Rat_public_Roma,Public services,1994.8,17492,0.0029639762881896736,10495,3498,3499,53.28901669334553,28.928185112633084,0.0001143379830779785,46.10402972277794,28.819123410159634,0.0,6.978256115107914,48.14057613168724,True,True,True
Bull_public_Hyun,Public services,45791.7,17168,0.021431828545371623,10300,3434,3434,445.9833993476235,62.8108487314139,0.0,437.07716948165404,38.70964203094694,0.0,6.89882697947214,72.93902894491129,True,True,True
Eagle_public_Alvin,Public services,7110.5,17194,0.019949840401276786,10316,3439,3439,104.65610454809817,23.177013916859142,0.00901477259509131,117.71106179121837,20.3410867030016,0.0002907822041291073,6.848820556368961,44.809985033465495,True,True,True
Rat_public_Duane,Public services,10431.4,17165,0.0216028271773826,10299,3433,3433,75.08588814448005,46.55151240964275,0.0,74.79996213224585,49.6121991392822,0.0,6.810574948665297,19.049062730670315,True,True,True
Cockatoo_public_Chiquita,Public services,9247.7,16114,0.08150934792521658,9668,3223,3223,88.26020954449545,23.26718255913162,0.0,89.0446090598821,22.925401099321075,0.0,6.409893716786496,51.95252615233129,True,True,True
Fox_public_Denny,Public services,4058.1,17533,0.0006269949840401745,10519,3507,3507,142.68738436091942,31.086000010071718,0.0,146.6714171656687,33.89455080871099,0.0,6.220643123743899,41.53055857985049,True,True,True
Cockatoo_public_Shad,Public services,10345.7,16113,0.0815663474692202,9667,3223,3223,129.77416060944577,37.26290838750302,0.0,119.10289581135588,27.505886638610672,0.0,6.004266958424508,68.62793982501555,True,True,True
Rat_public_Michelle,Public services,3254.7,17143,0.022856817145462838,10285,3429,3429,67.6491442571312,36.31755321966133,0.00017499854167881933,58.64533391659376,34.27888587852309,0.0,5.8527312775330405,60.70931611310481,True,True,True
Lamb_public_Vania,Public services,4032.0,17542,0.0001139990880072439,10525,3508,3509,17.397760785543266,12.649253227920957,0.010033063504731501,21.36947335423197,9.548506688065794,0.004844685095468795,5.257267030129125,4.013885088919288,True,True,True
Rat_public_Wilbur,Public services,537.3,17215,0.01875284997720017,10329,3443,3443,179.28487075225092,23.85606828166107,0.0,169.83782457159455,18.992839623339567,0.0,4.927247733255339,11.75829496117396,True,True,True
Rat_public_Josiah,Public services,4274.2,17492,0.0029639762881896736,10495,3498,3499,87.95384690144067,30.26525741156163,0.0,74.6969334095456,25.713140644966018,0.0,4.772276258992806,4.684211248285322,True,True,True
Lamb_public_Grace,Public services,5664.9,17544,0.0,10526,3509,3509,38.44104240766073,44.47919327497129,0.0010259917920656635,32.45281550299231,45.903695588787635,0.0,4.617327919655667,57.39758303693571,True,True,True
Eagle_public_Minnie,Public services,6807.7,17194,0.019949840401276786,10316,3439,3439,149.40223333721065,35.60020937004264,0.0013958357566592997,125.12765338761268,18.78885107543193,0.0,4.606734992679356,33.72772741661629,True,True,True
Fox_public_Belle,Public services,1524.6,17542,0.0001139990880072439,10525,3508,3509,120.47975715425835,77.21688773636963,0.0009691027248888382,199.48924764890282,49.04907593875395,0.0,4.426255380200861,15.94450130240051,True,True,True
Fox_public_Martin,Public services,32129.3,17492,0.0029639762881896736,10495,3498,3499,184.10015950148642,22.891314563156826,0.0,179.12855958845387,22.225163885303232,0.0,4.384811510791367,40.70076245367528,True,True,True
Rat_public_Hortencia,Public services,13378.0,17468,0.0043319653442772665,10480,3494,3494,59.360882184566066,21.711667990364862,0.0,57.8895792787636,21.047403718417936,0.0,4.363674351585014,29.98804945054944,True,True,True
Bear_public_Orville,Public services,2700.0,17192,0.02006383948928414,10315,3438,3439,37.09802385993485,20.72998617005588,0.0,36.033904536202385,22.02392292632231,0.0,4.349387115666179,45.95349546929898,True,True,True
Eagle_public_Henry,Public services,1251.3,17480,0.00364797081623347,10488,3496,3496,29.310068649885583,18.641329522242863,0.005720823798627002,26.664473684210527,15.811057485070954,0.002860411899313501,4.277361751152074,11.776406035665296,True,True,True
Rat_public_Laurie,Public services,12459.6,17365,0.010202918376652992,10419,3473,3473,156.13249640080622,45.80342458329715,0.00028793550244745177,153.21100201554853,39.382907231535995,0.0,4.268950420411713,14.639648811819086,True,True,True
Rat_public_Emilee,Public services,2090.3,17419,0.007124943000455963,10451,3484,3484,38.225650726218504,21.94994851529892,0.0,37.85373995407577,18.198835961630163,0.0,3.940101156069364,42.667002836408486,True,True,True
Hog_public_Gerard,Public services,7725.3,17544,0.0,10526,3509,3509,56.274824897400826,20.745113808431263,0.0,50.18408976916501,16.638540504551717,0.0,3.7817253945480633,45.26474965800273,True,True,True
Rat_public_Chrissy,Public services,2043.9,17139,0.023084815321477437,10283,3428,3428,55.731305210338995,15.64650066843026,0.00023338584514849173,58.33372228704784,14.193472949186242,0.0,3.6089629847238545,14.531755910987485,True,True,True
Rat_public_Caroline,Public services,4407.2,17166,0.021545827633378978,10299,3433,3434,147.4524688337411,41.46658915945861,0.0,147.30017181129878,40.36714458454933,0.0,3.357325513196481,6.536524315551532,True,True,True
Rat_public_Vickie,Public services,836.1,17143,0.022856817145462838,10285,3429,3429,43.2765846117949,36.62539874409447,0.00029166423613136556,45.630233304170304,39.117557878618875,0.0,3.347647577092511,9.978832546427448,True,True,True
Rat_public_Margart,Public services,2043.9,17485,0.0033629730962152493,10491,3497,3497,42.532313983414355,21.04083615852072,0.0,43.824875607663714,15.940795768629986,0.0,3.2112697955657934,39.78922691859928,True,True,True
Robin_public_Cami,Public services,5261.0,17544,0.0,10526,3509,3509,70.43631644436844,21.045483495403694,0.0,55.18701601595897,16.809138220215498,0.0,3.159648034433286,29.874126128590973,True,True,True
Rat_public_Wilma,Public services,1505.0,17491,0.0030209758321932956,10494,3498,3499,56.65008347149963,15.104780199548982,0.0,57.9592426407545,14.551990174258735,0.0,3.1201237410071943,22.69909465020576,True,True,True
Rat_public_Dalia,Public services,8420.3,17468,0.0043319653442772665,10480,3494,3494,186.09445729333638,47.36925796817396,0.0004007327684909549,171.62550944476246,41.17721044879507,0.0,3.0891325648414987,17.139175824175823,True,True,True
Rat_public_Helena,Public services,1184.9,17431,0.006440948472412167,10458,3486,3487,24.03192645287132,8.540940206601519,0.0005736905513166198,24.640269572698593,9.469619103278154,0.0,3.066052555587641,10.584765816707563,True,True,True
Rat_public_Muriel,Public services,3134.8,17079,0.026504787961696308,10247,3416,3416,77.24083787106973,45.69157364409011,0.0,60.45840456674473,13.436211379363577,0.0,3.06063679245283,4.483799816395916,True,True,True
Rat_public_Allyson,Public services,1672.3,17465,0.004502963976288243,10479,3493,3493,54.52114915545376,15.900367137657781,0.0002290294875465216,50.70947036931005,16.055910639168314,0.0,3.049486883828192,16.851373626373622,True,True,True
Fox_public_Lauren,Public services,9262.4,17512,0.0018239854081167906,10507,3502,3503,122.19257651895842,18.47191041284942,0.0,121.76177562089637,14.801383110368901,0.0,3.0229203794193733,24.58276835699799,True,True,True
Rat_public_Clyde,Public services,1478.4,17468,0.0043319653442772665,10480,3494,3494,34.13909777879551,9.109839535122372,0.0,31.55880366342301,8.62547568185153,0.0,2.9086945244956772,9.76065839847693,True,True,True
Cockatoo_public_Harland,Public services,4698.8,16107,0.08190834473324216,9664,3221,3222,50.67414994101943,11.618339099706656,0.0,48.78983550589695,12.001597203355672,0.0,2.905003126954347,20.396870342771983,True,True,True
Eagle_public_Missy,Public services,1908.2,17194,0.019949840401276786,10316,3439,3439,30.60816736070722,9.615075592898512,0.017564266604629522,29.76982451293981,11.426376224854373,0.046815934864786274,2.870392122986823,18.23305113936758,True,True,True
Rat_public_Toya,Public services,1557.8,17103,0.025136798905608715,10261,3421,3421,25.56713909840379,13.130909253050637,0.0,23.78961414790997,15.807774362028864,0.0,2.506573447159258,9.538992344128662,True,True,True
Rat_public_Sue,Public services,1765.2,17484,0.0034199726402188713,10490,3497,3497,29.075929421185084,11.56497191696658,0.0,31.094014869888476,11.717629774633641,0.0,2.422680679527786,20.760329218106996,True,True,True
Bull_public_Jefferson,Public services,6015.4,17165,0.0216028271773826,10299,3433,3433,37.26988057092922,12.468991023911832,0.0159627148266822,35.24978153218759,12.138918956529544,0.023011942907078357,2.322675271340569,17.629823787561257,True,True,True
Rat_public_Sharonda,Public services,2222.1,17359,0.010544915640674835,10415,3472,3472,36.20128636442191,10.753274192413212,0.00011521401002361887,34.077727534562214,10.627337264887249,0.0,2.2256931554524364,9.772202457118183,True,True,True
Bear_public_Jocelyn,Public services,6382.5,17192,0.02006383948928414,10315,3438,3439,48.869194189157746,11.861609736132106,0.0,47.71431230008723,12.079020417268683,0.0,2.2098381551976574,23.083303044663275,True,True,True
Rat_public_Mabel,Public services,4189.7,17420,0.007067943456452341,10452,3484,3484,101.29051607347876,24.886428944200638,0.0,99.34684270952927,26.190742044641805,0.0,2.1687601156069363,9.626528925619823,True,True,True
Rat_public_Michael,Public services,2287.1,17444,0.005699954400364748,10466,3489,3489,42.56623538179317,14.413490049892149,0.0,43.117406133562625,13.372773800265678,0.0,2.1455642135642132,20.58279229711141,True,True,True
Rat_public_Nell,Public services,4754.4,17166,0.021545827633378978,10299,3433,3434,47.10620528952581,19.8873932077365,0.0,68.1067268491555,15.755105737123428,0.0,2.1398563049853374,1.2659773475448333,True,True,True
Gator_public_Natasha,Public services,6123.5,16415,0.0643524851801186,9849,3283,3283,124.59396833993299,66.93187808679214,0.0,122.85409174535486,67.13658311724214,0.0,2.1211775698066893,0.09966050020121031,True,True,True
Rat_public_Sean,Public services,7297.5,17462,0.004673962608299109,10477,3492,3493,21.965645401443133,12.06769548386908,0.0,20.681597480675634,11.164179332480318,0.0,2.097647737100029,9.310743033293168,True,True,True
Rat_public_Isabel,Public services,1540.0,17492,0.0029639762881896736,10495,3498,3499,53.401835696318315,16.111231480455448,0.0,52.08733638182338,12.670097001918862,0.0,2.047176978417266,18.92175582990398,True,True,True
Rat_public_Tricia,Public services,558.3,17515,0.0016529867761058137,10509,3503,3503,37.50677190979161,15.635287538198872,0.0,34.86437910362547,16.345790245707043,0.0,2.0205288876113827,5.213058590300086,True,True,True
Rat_public_Nelson,Public services,1486.4,17468,0.0043319653442772665,10480,3494,3494,44.52671399129837,12.650831152607795,0.0,44.32569547796221,11.328043028736301,0.0,1.9279193083573485,8.409365823570369,True,True,True
Rat_public_Johnna,Public services,1465.5,14847,0.15372777017783856,8908,2969,2970,28.4466444399542,22.430457115879104,0.0,9.094659932659933,3.5928921463444032,0.0,1.9015139171758317,9.32524388039867,True,True,True
Rat_public_Courtney,Public services,1665.5,17119,0.02422480620155043,10271,3424,3424,29.949367369589343,12.252293639813642,0.0,30.882567172897197,12.016809373370775,0.0,1.8673499999999998,17.004466038988753,True,True,True
Rat_public_Loretta,Public services,4087.0,17340,0.011627906976744207,10404,3468,3468,203.44222664359862,63.53664268123066,0.0,121.07884083044982,25.984985335782802,0.0,1.7962775842044134,8.952226296249506,True,True,True
Rat_public_Stella,Public services,3396.7,17492,0.0029639762881896736,10495,3498,3499,96.51427109535787,12.171896669564553,0.0,94.735352957988,10.839505382970259,0.0,1.6297467625899278,6.010672153635113,True,True,True
Rat_public_Ramon,Public services,2043.9,17491,0.0030209758321932956,10494,3498,3499,30.557463838545537,13.349039653061851,0.00017151678005831571,28.547239211203202,12.226207610624437,0.0,1.6146762589928056,9.148212131332514,True,True,True
Rat_public_Sana,Public services,37161.2,16604,0.05357957136342906,9962,3321,3321,992.2948879788003,544.2082786868986,0.09100216815225247,71.34308943089431,70.63335868042165,0.4549834387232761,1.5828935395814376,121.21630057803475,True,True,True
Rat_public_Faye,Public services,1712.4,17096,0.02553579571363429,10257,3419,3420,30.457245554515676,11.976415068242462,0.0,25.088359649122808,7.876108653004183,0.0,1.5057449941107186,5.568458181056357,True,True,True
Rat_public_Sharron,Public services,2862.3,17516,0.0015959872321021917,10509,3503,3504,43.40047271066453,9.708151296897146,0.0009705412194564969,45.26003139269406,10.539608782159704,0.0048515981735159815,1.425373563218391,6.602424657534243,True,True,True
Rat_public_Berry,Public services,4083.6,17492,0.0029639762881896736,10495,3498,3499,97.53406071346902,21.68886130858936,0.0,92.58375535867391,19.8481882802767,0.0,1.4085553956834533,3.326639231824416,True,True,True
Rat_public_Sade,Public services,2006.7,17444,0.005699954400364748,10466,3489,3489,32.475322173813346,10.305610827680654,5.732630130703967e-05,33.05822585267985,9.764694916644418,0.0,1.3641904761904762,7.854222833562584,True,True,True
Rat_public_Ramona,Public services,1348.9,17492,0.0029639762881896736,10495,3498,3499,26.869068145437915,8.089419048945237,0.0001143379830779785,25.595021434695624,6.774297922204214,0.0,1.3464661870503596,3.3569821673525375,True,True,True
Rat_public_Becky,Public services,911.9,17464,0.004559963520291865,10478,3493,3493,21.033242670636742,6.990131676414736,5.7260650480989464e-05,21.163727454909818,5.246413197294054,0.0,1.3201700778322283,3.40949175824176,True,True,True
Rat_public_Kelle,Public services,1868.3,17492,0.0029639762881896736,10495,3498,3499,24.996946032471985,17.479771469480383,0.009089869654699292,16.229528436696196,11.55916507141867,0.04429837096313232,1.3112575539568345,9.582071330589848,True,True,True
Rat_public_Stacey,Public services,8297.6,17143,0.022856817145462838,10285,3429,3429,15.940880242664646,6.695467305347657,0.0,15.447713619130942,6.354223829607318,0.0,1.2944405286343612,6.125419281488917,True,True,True
Rat_public_Fern,Public services,3274.0,17351,0.011000911992704032,10410,3470,3471,48.69511267362111,15.599018095509885,0.0,47.47226735811005,15.426428820458172,0.0,1.280147954743255,5.764107883817424,True,True,True
Rat_public_Kathleen,Public services,1114.8,17155,0.02217282261741904,10293,3431,3431,27.944661031769165,8.736631338279222,0.0,27.923657825706794,7.5050716475943995,0.0,1.2591517464044615,5.288392520871255,True,True,True
Rat_public_Kelly,Public services,982.6,17445,0.0056429548563611265,10467,3489,3489,21.0656388650043,4.807042588413824,0.0,21.394049871023213,4.293874054099451,0.0,1.2460144300144302,4.981788170563959,True,True,True
Rat_public_Carole,Public services,923.5,17438,0.006041951664386702,10462,3488,3488,18.787472760637687,5.8185185839317155,0.00011469205184080744,17.525401376146792,4.58341710912684,0.0,1.1996016166281755,5.227332152330426,True,True,True
Rat_public_Neil,Public services,1325.6,17166,0.021545827633378978,10299,3433,3434,23.526222183385762,12.409450062392734,0.0008738203425375742,23.071904484566105,8.66707496518557,0.0,1.1918181818181819,9.883842156179863,True,True,True
Rat_public_Leta,Public services,943.1,17513,0.0017669858641130576,10507,3503,3503,17.017313424313365,5.210070189210339,5.710043967338549e-05,16.233177276620044,4.562523883752493,0.00028546959748786756,1.178519689565967,3.622808219178081,True,True,True
Rat_public_Angelina,Public services,1794.4,17468,0.0043319653442772665,10480,3494,3494,32.56708323792077,11.469307641976185,0.0,33.9617544361763,11.85867402420186,0.0,1.1344409221902017,4.668131868131869,True,True,True
Rat_public_Corinne,Public services,2311.0,17143,0.022856817145462838,10285,3429,3429,24.91003383305139,9.886170448787073,0.0,25.239498396033827,6.519542579347996,0.0,1.130138032305433,3.7471151104223175,True,True,True
Rat_public_Damon,Public services,1228.5,17445,0.0056429548563611265,10467,3489,3489,20.75787331613643,7.1497326260270775,0.00028661507595299513,21.681734021209518,6.043216976669435,0.0,1.1053131313131315,4.050646492434662,True,True,True
Rat_public_Desiree,Public services,841.9,17492,0.0029639762881896736,10495,3498,3499,12.961423507889323,3.1273469737362887,0.000686027898467871,12.592766504715632,2.8485362847409315,0.0,1.060031654676259,2.5786694101508907,True,True,True
Rat_public_Fredrick,Public services,1202.6,16602,0.05369357045143641,9961,3320,3321,12.604746416094446,8.62751381837941,0.0,19.216061427280938,11.938023247655721,0.0,1.0415620260843192,0.9532201771050683,True,True,True
Rat_public_Jason,Public services,3021.9,17492,0.0029639762881896736,10495,3498,3499,25.178833180882688,9.983624441027867,0.0,23.77957416404687,8.922683650578175,0.0,1.024106474820144,4.9881207133059,True,True,True
Rat_public_Marcellus,Public services,6336.3,17458,0.004901960784313708,10474,3492,3492,9.586013289036545,3.937667343836719,0.0002291213197388017,9.906050973654065,3.5174328428296042,0.000859106529209622,0.9932208765859285,2.5887046316230684,True,True,True
Gator_public_Kenny,Public services,1540.7,16942,0.03431372549019607,10165,3388,3389,89.10531217683862,36.823715364497055,0.0014165978042734034,86.56864414281499,29.951276708744615,0.0,0.9893225557206536,0.030916912261773177,True,True,True
Rat_public_Joann,Public services,597.5,17516,0.0015959872321021917,10509,3503,3504,17.623330098195936,4.96075790379823,0.0,17.7238698630137,4.544835072327987,0.0,0.9158965517241379,8.348780821917808,True,True,True
Lamb_public_Angeline,Public services,3889.0,17194,0.019949840401276786,10316,3439,3439,16.404911201581946,21.947631142091844,0.16465045946260323,6.345535708054666,14.565567146412018,0.0,0.9114782137628111,14.006814462063206,True,True,True
Rat_public_Tamra,Public services,872.5,17468,0.0043319653442772665,10480,3494,3494,20.998837302495993,4.6538331574455825,0.0,19.442232398397252,4.283837738086527,0.0,0.8842507204610952,2.906991758241759,True,True,True
Rat_public_Lynda,Public services,467.6,17492,0.0029639762881896736,10495,3498,3499,11.947608621083925,3.6477558224118285,5.716899153898925e-05,11.78669048299514,3.25772694903616,0.0,0.8771539568345325,2.0935802469135805,True,True,True
Rat_public_Mark,Public services,303.5,17516,0.0015959872321021917,10509,3503,3504,22.969455355103904,12.956780399622877,0.0006279972596483215,10.952334474885843,3.6372223216203974,0.0,0.8695402298850575,6.553602739726028,True,True,True
Rat_public_Amber,Public services,1985.2,17321,0.012710898312813468,10392,3464,3465,10.08016973615842,4.766561203227646,0.0,10.047786435786437,5.3099468130908365,0.0,0.8671490845684394,5.8823015505044065,True,True,True
Rat_public_Frank,Public services,425.6,17073,0.02684678522571815,10243,3415,3415,7.654928835002636,4.521541255056915,0.00011714402858314298,9.583016105417277,5.662622747362744,0.0,0.8586818047773518,0.7675554706336563,True,True,True
Rat_public_Leo,Public services,1217.0,17516,0.0015959872321021917,10509,3503,3504,18.097417218543047,4.3549922855765555,0.00074217857958438,15.634803082191782,4.20504602372911,0.0,0.8571436781609196,2.5231095890410984,True,True,True
Rat_public_Shanta,Public services,1161.8,17392,0.008663930688554533,10435,3478,3479,12.167681692732291,5.960200692178476,0.0,12.573038229376259,5.4873403123839175,0.0,0.8559884225759768,2.647796143250689,True,True,True
Gator_public_Everette,Public services,1841.6,16510,0.05893752849977196,9906,3302,3302,100.29079511811024,38.08733523357155,0.00290732889158086,83.5872980012114,25.89225458292506,0.0,0.843998047589994,0.24520905696995499,True,True,True
Rat_public_Laverne,Public services,1108.7,17510,0.0019379844961240345,10506,3502,3502,12.736786978869219,4.181103796476046,0.0012564249000571101,11.344705882352942,3.6278250398047414,0.0,0.8368746405980448,3.310741060187535,True,True,True
Rat_public_Frederick,Public services,1312.3,17453,0.005186958504331929,10471,3491,3491,20.337780324299548,6.751917600207782,0.0004010771787085315,20.591294757949015,4.732055563506627,0.0,0.8267147389674071,1.5818591890867744,True,True,True
Rat_public_Nancy,Public services,829.2,17468,0.0043319653442772665,10480,3494,3494,18.91019406915503,4.67293932842552,0.0004579803068468056,18.196834573554664,3.52346543872327,0.0,0.8109337175792506,1.577197802197805,True,True,True
Rat_public_Dexter,Public services,718.3,17444,0.005699954400364748,10466,3489,3489,13.158858060077964,3.201939252491025,0.0,12.762487818859272,2.412324950514867,0.0,0.7733795093795094,1.6785144429160948,True,True,True
Rat_public_Deidre,Public services,657.7,17516,0.0015959872321021917,10509,3503,3504,8.979151632792876,2.801415696340529,0.0,9.036184360730594,2.0434790961660805,0.0,0.7616408045977011,1.9494794520547956,True,True,True
Rat_public_Tammara,Public services,457.5,17166,0.021545827633378978,10299,3433,3434,7.1609681929395315,4.246361347906699,5.825468950250495e-05,7.334752475247525,4.019404912809488,0.0,0.7397917888563049,5.839606020239776,True,True,True
Rat_public_Roberta,Public services,1010.1,17468,0.0043319653442772665,10480,3494,3494,14.887505152278452,4.530296913375756,0.0,13.69013451631368,3.9229897683531756,0.0,0.7230518731988473,2.8389972527472516,True,True,True
Rat_public_Norene,Public services,1211.8,14674,0.1635886912904697,8804,2935,2935,26.98925582663214,5.804757838740443,0.0,34.39901873935264,7.01751573893187,0.0,0.704933012710409,1.9941831488183972,True,True,True
Rat_public_Allie,Public services,810.7,17516,0.0015959872321021917,10509,3503,3504,11.531132107787165,5.596758923739935,5.709065996802923e-05,12.33712899543379,4.966546497208191,0.0,0.699471264367816,5.077260273972604,True,True,True
Rat_public_Johnny,Public services,709.4,17492,0.0029639762881896736,10495,3498,3499,20.613600503087124,4.446169492467238,0.0,15.895484424121179,2.2433405467682017,0.0,0.6930762589928059,1.2760768175582982,True,True,True
Rat_public_Tommy,Public services,857.1,17468,0.0043319653442772665,10480,3494,3494,16.801497023128007,4.038712148473843,5.72475383558507e-05,17.271353749284486,4.025607751930146,0.0,0.6922478386167148,1.821771978021978,True,True,True
Rat_public_Laura,Public services,1184.5,17018,0.0299817601459188,10210,3404,3404,12.791942061346811,3.669518477222289,0.0,11.054782608695653,3.0465109659329115,0.0,0.646594674556213,1.7334020658821139,True,True,True
Gator_public_Maude,Public services,5574.2,15592,0.11126310989512089,9355,3118,3119,104.90155150076961,18.087852172361178,0.0,104.69715200384738,21.4716129968576,0.0,0.59787295638126,0.7137957928502345,True,True,True
Rat_public_Grover,Public services,1144.2,17492,0.0029639762881896736,10495,3498,3499,17.727837297050076,3.9609658756440527,0.0,17.54167476421835,3.1598141270469497,0.0,0.5928978417266187,1.4374759945130329,True,True,True
Gator_public_Marcie,Public services,3275.1,16846,0.03978568171454633,10107,3369,3370,93.1694168882821,31.74798120664639,0.0,79.15558890207716,23.70675146073143,0.0,0.5836320382546324,0.003614808302813799,True,True,True
Gator_public_Noe,Public services,2462.6,16366,0.0671454628362973,9819,3273,3274,56.052913246975436,19.624129325175648,0.004399364536233655,56.80286078191814,19.277778783852945,0.007330482590103849,0.5449999076923077,0.0013786160945343795,True,True,True
Gator_public_Janna,Public services,2656.1,15969,0.08977428180574554,9581,3194,3194,94.92918606675434,20.632758776638173,0.0,88.80453018159047,23.799728896447256,0.0,0.5201895583596214,0.602947323217407,True,True,True
Gator_public_Jayme,Public services,1549.8,16846,0.03978568171454633,10107,3369,3370,96.5828069452689,28.184197715730196,0.0,88.63488682492581,22.004282190540597,0.0,0.5125026897788405,0.008458118844117735,True,True,True
Rat_public_Kermit,Public services,2322.6,17059,0.027644778841769302,10235,3412,3412,17.721683568790667,11.075525738934658,0.0,9.231957796014068,6.007835790993004,0.0,0.4750029515938607,6.467496483825599,True,True,True
Lamb_public_Nyla,Public services,657.0,17544,0.0,10526,3509,3509,3.4825244357045144,3.879384541544869,0.06275649794801641,1.9146688230265032,3.419604256678108,0.0,0.4365880918220947,4.810902872777017,True,True,True
Gator_public_Randall,Public services,1806.6,16966,0.032945736434108475,10179,3393,3394,60.544559088765766,20.820075274419697,0.0,56.5141400117855,15.671823768962103,0.0,0.40966839762611273,0.01640575140189071,True,True,True
Gator_public_Alexandra,Public services,3088.7,16871,0.03836069311445511,10122,3374,3375,23.483494357180962,11.298396023400764,0.008535356528955011,23.387775555555553,11.72973590982727,0.014222222222222223,0.4007508504923903,0.0006267354398943326,True,True,True
Gator_public_Dale,Public services,1710.7,16318,0.06988144094847237,9790,3264,3264,41.91506154553254,14.53815340642249,0.0014707684765289863,37.187499264705885,14.357655156460531,0.007352941176470588,0.3206020679012346,0.01999928466076284,True,True,True
Gator_public_Leroy,Public services,758.8,16918,0.03568171454628366,10150,3384,3384,21.080209888875753,7.986893813170388,0.0,21.683807092198585,7.447011502606244,0.0,0.26127229166666666,0.01667757291446037,True,True,True
Lamb_public_Gracie,Public services,915.0,17544,0.0,10526,3509,3509,2.976178533971728,3.0172360116278782,0.004046967624259006,1.9003864063835851,3.030386522800748,0.0,0.2395551506456241,2.966785225718195,True,True,True
Gator_public_Lindsey,Public services,458.4,16463,0.061616507067943416,9877,3293,3293,25.73336540727692,6.940473611535713,0.002915628986211505,24.341534193744305,6.804583560019445,0.014576374126935925,0.2013865402263689,0.147365599143658,True,True,True
Gator_public_Clara,Public services,523.0,16294,0.07124943000455997,9776,3259,3259,11.944826150730329,4.705372070521928,0.0,12.11731767413317,4.582341829066352,0.0,0.18451867078825349,0.014542014605716247,True,True,True
Rat_public_Darren,Public services,261.8,17427,0.006668946648426766,10456,3485,3486,4.357852183393585,0.8488406490160981,0.0,4.33241537578887,0.8459622742192109,0.0,0.16286828422876948,1.7807043222190564,True,True,True
Gator_public_Latasha,Public services,677.4,16295,0.07119243046055634,9777,3259,3259,19.073335704203746,5.778921724169411,0.010309911015648971,17.429938539429273,5.3265782775833594,0.02209266646210494,0.1388459969088099,0.008893017234264278,True,True,True
Gator_public_Geraldine,Public services,1003.4,16270,0.07261741906064756,9762,3254,3254,21.04044030116779,6.086552458670693,0.0014751075599262447,20.731610510141365,6.96695577503834,0.007375537799631223,0.13075331269349846,0.0015343980729980444,True,True,True
Gator_public_Kendall,Public services,726.5,16016,0.08709530323757408,9609,3203,3204,17.062055944055945,3.4672790835066856,0.0,17.139822846441948,3.1754041506381556,0.0,0.11079650943396226,0.13753866207994037,True,True,True
Gator_public_Nettie,Public services,593.8,16063,0.08441632466940263,9637,3213,3213,15.76891074519081,3.5921919614102378,0.0,14.547461904761905,3.996287895037595,0.0,0.10034437127626215,0.045969266281206345,True,True,True
Gator_public_Cheri,Public services,945.2,16604,0.05357957136342906,9962,3321,3321,16.90803411828475,4.528892097892118,0.001445434834979523,15.529360704607043,4.229869443939594,0.007226738934056007,0.098473127085229,0.02690272642480096,True,True,True
Gator_public_Dionna,Public services,945.2,16462,0.06167350661194715,9877,3292,3293,17.81533265095371,5.22787598944664,0.0014579030494472117,14.510378165806253,3.898404451059293,0.0,0.09462551238910984,0.0066413491211001485,True,True,True
Gator_public_Tiffany,Public services,590.0,15875,0.09513223894208844,9525,3175,3175,14.805911974803148,3.300789432599311,0.0,14.589397763779527,3.201908380315582,0.0,0.07976267851475723,0.0785681115635235,True,True,True
Gator_public_Marissa,Public services,371.6,16846,0.03978568171454633,10107,3369,3370,14.167160928410306,3.703584705829204,0.0,13.654005934718102,3.362792231046594,0.0,0.07630983263598326,0.0012228860398870722,True,True,True
Gator_public_Ross,Public services,450.4,15805,0.09912220702234387,9483,3161,3161,7.8867871749446365,2.665669349238894,0.013666561214805441,8.145054096804808,2.8262398093473453,0.0,0.07491220911699076,0.04233400785554586,True,True,True
Rat_public_Julieann,Public services,402.8,17166,0.021545827633378978,10299,3433,3434,4.2169305604101135,4.703602975277615,0.002330187580100198,2.5440390215492137,3.7688673366662,0.0017472335468841002,0.0722375366568915,0.7695551791092092,True,True,True
Gator_public_Beulah,Public services,338.9,16918,0.03568171454628366,10150,3384,3384,7.5175549414824445,2.3798993945055655,0.0,7.158982269503546,2.2890253838041668,0.0,0.05455104166666666,0.00042101691837359567,True,True,True
Gator_public_Erika,Public services,337.0,15899,0.09376424988600096,9539,3180,3180,6.480710088684824,1.4042981160945518,0.0,6.557542641509434,1.304028059728417,0.0,0.034510868187579216,0.04368640934658252,True,True,True
Gator_public_Dewey,Public services,333.7,16157,0.07905836753305973,9694,3231,3232,6.4608829795135225,1.2893661694508143,0.0,6.496081188118811,1.3360812149021593,0.0,0.03274389027431421,0.018439434523807918,True,True,True
Gator_public_Philip,Public services,406.1,16223,0.07529639762881901,9733,3245,3245,2.5944016026628858,1.2964883812160695,0.005917524502249892,2.451504530046225,1.2518951675964252,0.014791987673343606,0.023220024837007143,0.00014991431076039063,True,True,True
Gator_public_Lona,Public services,599.0,16198,0.07672138622891012,9718,3240,3240,1.4683286455117914,0.9245850706005422,0.019261637239165328,1.7447518518518517,0.8989957296361191,0.0,0.022401057213930348,0.0025543016895053228,True,True,True
Rat_religion_Kathy,Religious worship,929.0,17489,0.0031349749202006505,10493,3498,3498,5.154609182914975,2.2830878982844944,0.0002858939905083195,4.674053744997141,2.1774210855349962,0.0005717552887364208,1.3009556706966032,3.530831863609641,True,True,True
Cockatoo_religion_Diedre,Religious worship,2062.5,16119,0.08122435020519836,9671,3224,3224,5.863609212730319,3.2739170305661878,0.0,5.359682599255584,2.5363333937785755,0.0,0.8686692500000001,3.857123620250478,True,True,True
Fox_religion_Maurice,Religious worship,151.3,17541,0.00017099863201097687,10524,3508,3509,1.7224120631662962,1.3761952063056675,0.061855082378427684,2.16776574522656,1.462782796283523,0.003419777714448561,0.2292596843615495,0.5789740082079347,True,True,True
Panther_retail_Romeo,Retail,15027.5,17184,0.020519835841313228,10310,3437,3437,357.1840494704376,173.91338765481473,0.17615223463687152,423.22116168169913,49.40830740063747,0.0,10.4079911221799,122.88807805606439,True,True,True
Wolf_retail_Toshia,Retail,4209.0,17193,0.020006839945280408,10315,3439,3439,71.89772610946315,50.71858247971361,0.0,69.45731317243386,49.475955857987856,0.0,8.990811859443632,112.85866680445521,True,True,True
Panther_retail_Felix,Retail,2941.9,17533,0.0006269949840401745,10519,3507,3507,96.51308521644897,62.81640766315338,0.1926082244909599,107.4553257199886,40.722970778728744,0.0,8.13806913580247,79.64155047879618,True,True,True
Wolf_retail_Harriett,Retail,4108.0,17530,0.0007979936160510404,10518,3506,3506,43.67473345693097,19.868890623693023,0.02743867655447804,43.21453864803195,19.87236048944778,0.03736451796919567,5.744107553130386,32.578779097876804,True,True,True
Fox_retail_Manie,Retail,4201.4,17192,0.02006383948928414,10315,3438,3439,64.8214466030712,26.76721852207043,0.0008143322475570033,63.16979354463506,25.848600607092617,0.0,4.922213762811127,54.510565692565436,True,True,True
Rat_retail_Jeffrey,Retail,1532.9,17167,0.021488828089375245,10300,3433,3434,73.81506902778587,33.9304231010872,0.0,64.87223645894001,24.751234308091046,0.0,4.185369501466275,49.5227644769614,True,True,True
Panther_retail_Kristina,Retail,5487.9,17183,0.02057683538531696,10309,3437,3437,24.978677838561367,18.691056448419744,0.1956003026246872,30.839484899621766,16.13047098949087,0.0,2.8257630237327866,17.92877165299402,True,True,True
Panther_retail_Lester,Retail,840.3,17483,0.003476972184222493,10489,3497,3497,5.1193241949322195,4.499603781259521,0.10993536578390437,9.581822190448957,4.376228472532335,0.0,1.187486092715232,3.757702527189726,True,True,True
Wolf_retail_Marcella,Retail,363.0,17385,0.009062927496579998,10431,3477,3477,6.929855766465344,3.08467667596774,0.0,6.794482312338223,2.8658638899432782,0.0,0.7688169707500725,4.502708935350989,True,True,True
Panther_retail_Rachel,Retail,26.3,17232,0.017783857729138153,10339,3446,3447,2.6926486304549675,2.0150527868592842,0.19597260909935005,3.2920420075427907,1.695889343244628,0.0,0.48988717499269646,1.4791583477154968,True,True,True
Panther_retail_Gilbert,Retail,1421.8,17532,0.0006839945280437965,10519,3506,3507,0.5945394022359116,0.40805366931153975,0.24845995893223818,0.7013472483604221,0.17113172899450135,0.0,0.034381108240022974,0.30283022355080425,True,True,True
Bull_services_Juanita,Services,44779.2,17165,0.0216028271773826,10299,3433,3433,126.43370230119429,21.877059709239468,0.005126711331197203,116.72589571803087,17.04305703640432,0.00407806583163414,4.017307128190085,40.61517987279062,True,True,True
Hog_services_Marshall,Services,6506.9,17538,0.0003419972640218427,10522,3508,3508,79.19931314859163,22.99770684087811,0.0013114380202987799,76.66323204104904,20.279092673615484,0.0,3.316765786452354,23.88536575342465,True,True,True
Hog_services_Joe,Services,3904.5,17487,0.0032489740082078944,10492,3497,3498,28.07096277234517,14.032643330405744,0.0008577800651912849,25.647946826758147,13.02674013752735,0.0,3.308056419113414,20.6106305456502,True,True,True
Bull_services_Nadine,Services,36198.8,17207,0.019208846329229368,10324,3441,3442,119.74016388679026,16.596541311813226,0.0,113.58280069726904,11.612658416701413,0.0,3.18519602106495,25.256698639875992,True,True,True
Hog_services_Adrianna,Services,4696.4,17194,0.019949840401276786,10316,3439,3439,242.85632883564034,81.8543756910273,0.0,293.24834893864494,98.1876371156943,0.0,3.148060907759882,6.691450693266518,True,True,True
Bull_services_Rachelle,Services,34691.5,17510,0.0019379844961240345,10506,3502,3502,103.223786407767,25.972387198707974,0.017075956596230724,81.20802398629354,15.888987962458627,0.022844089091947458,2.9111558366877515,19.830369357045143,True,True,True
Bull_services_Jeanmarie,Services,32149.6,17508,0.0020519835841312783,10504,3502,3502,43.98415010281014,13.751415595092286,0.02461731779757825,34.859937178755,7.36681767272163,0.022844089091947458,2.2714203565267397,4.7471719457013535,True,True,True
Bull_services_Winford,Services,19904.7,17516,0.0015959872321021917,10509,3503,3504,46.64301210321992,13.744558712189344,0.01707010733044074,41.18050799086758,13.196963279877625,0.0228310502283105,1.9695402298850575,17.748159186870716,True,True,True
Hog_services_Kerrie,Services,2501.5,17438,0.006041951664386702,10462,3488,3488,19.44173787131552,5.501988718884416,0.0,18.83378497706422,5.163857993656531,0.0,1.4951991916859124,6.79547555287747,True,True,True
Cockatoo_science_Rex,Technology/science,5583.5,16117,0.0813383492932056,9670,3223,3224,185.18961706893342,33.25335993939346,0.0,167.57012509305213,24.334315466060463,0.0,5.4141510625,58.981808035714295,True,True,True
Hog_science_Max,Technology/science,8310.7,17194,0.019949840401276786,10316,3439,3439,147.65621728509944,21.124472417220517,0.007211818076073049,157.64059319569643,13.67118717889759,0.0,2.9642752562225474,29.024838992299323,True,True,True
Bear_science_Eleanor,Technology/science,3081.3,17133,0.02342681258549928,10279,3427,3427,35.41645469561664,12.427172352954303,0.0,43.49177726874818,12.80767357398816,0.0,2.4286474875110193,19.737895629625477,True,True,True
Bear_science_Alison,Technology/science,4945.6,17443,0.005756953944368481,10465,3489,3489,103.54599201398842,8.677715713517573,0.0,106.11824634565778,7.634326527446193,0.0,1.9532384992784995,11.265501528505922,True,True,True
Wolf_science_Alfreda,Technology/science,914.0,17535,0.0005129958960328196,10521,3507,3507,81.42227074422584,11.856462147502905,0.0,76.07832976903336,11.021318751191316,0.0,1.737408125179443,13.006227770177844,True,True,True
Fox_utility_Marian,Utility,2040.0,17193,0.020006839945280408,10315,3439,3439,445.4044547199442,399.1045602447135,0.00011632641191182458,459.03517592323357,402.2071989645935,0.0002907822041291073,80.88959297218156,767.5694020957945,True,True,True
Cockatoo_utility_Kimiko,Utility,378.2,14518,0.17248062015503873,8710,2904,2904,78.69808915139826,60.18502128697686,0.0,78.16680440771351,57.75099363865256,0.0,13.480911458333335,120.00500764777473,True,True,True
Cockatoo_utility_Sherri,Utility,6960.5,16115,0.08145234838121296,9669,3223,3223,56.46498501396214,25.337188856274807,0.0,49.56613664287931,21.111606591999998,0.0,3.713512035010941,42.31762732506563,True,True,True
Bear_utility_Sidney,Utility,2176.9,17273,0.015446876424988654,10363,3455,3455,52.13557232675274,3.5568122566432754,0.0,52.54664833574529,2.907261913616331,0.0,1.0270424074613815,6.914103751187078,True,True,True
Fox_warehouse_Lorretta,Warehouse/storage,360.2,17130,0.023597811217510256,10278,3426,3426,14.249740805604203,22.601492526811843,0.04022183304144775,14.80511967308815,20.58927838071192,0.017221249270286048,4.933098177542623,36.84232411806832,True,True,True
Rat_warehouse_Doretta,Warehouse/storage,10454.9,17501,0.002450980392156854,10500,3500,3501,157.44147477287012,33.467043839585365,0.0,156.29131676663812,28.16885845875515,0.0,4.909608858211102,35.49032334788501,True,True,True
Fox_warehouse_Pearl,Warehouse/storage,1199.2,17438,0.006041951664386702,10462,3488,3488,32.77360247734833,16.824565429683943,0.0009175364147264595,35.10310493119266,17.707872292669293,0.0008600917431192661,4.386977482678985,25.12561876179433,True,True,True
Rat_warehouse_Breanna,Warehouse/storage,4795.8,17119,0.02422480620155043,10271,3424,3424,92.13929435130555,24.00739908857389,0.0,76.03775992990654,25.19191674082606,0.0,2.0652029411764707,17.96285238276576,True,True,True
Hog_warehouse_Louise,Warehouse/storage,6185.9,17431,0.006440948472412167,10458,3486,3487,11.694567150479031,8.622428455768844,5.7369055131661984e-05,10.98508746773731,8.157842496164944,0.0,2.054288189431129,14.149080741420004,True,True,True
Rat_warehouse_Shari,Warehouse/storage,2537.9,17444,0.005699954400364748,10466,3489,3489,45.49765707406558,23.99143794612581,0.0,32.060931498996844,11.871649283620131,0.0,2.0456594516594517,6.910481430536457,True,True,True
Rat_warehouse_Eloisa,Warehouse/storage,18843.4,17514,0.0017099863201094356,10508,3503,3503,90.96121274409045,74.44978791793527,0.0,22.883268626891233,9.703982617436786,0.0,1.943656223052601,26.819712328767125,True,True,True
Hog_warehouse_Porsha,Warehouse/storage,3666.3,17194,0.019949840401276786,10316,3439,3439,11.450340816563918,10.620584981519388,0.00017447946958241246,12.814467577784239,10.685915612773632,0.0,1.923447730600293,21.353064295485638,True,True,True
Hog_warehouse_Rosanna,Warehouse/storage,981.0,17052,0.028043775649794767,10231,3410,3411,20.463772519352567,5.302060727381753,0.0,19.48476341248901,6.849716967707052,0.0,1.0618945969884854,3.470784162355752,True,True,True
Rat_warehouse_Maegan,Warehouse/storage,1378.6,16657,0.05055859553123576,9994,3331,3332,6.908772888275199,2.02749548534076,0.0,6.932073829531813,1.8713360656011384,0.0,0.3251874244256348,0.7622478386167142,True,True,True
Lamb_warehouse_Allan,Warehouse/storage,1457.0,17544,0.0,10526,3509,3509,12.75867229252166,10.925467350123778,0.061388508891928865,1.9813204046736963,3.284643823794785,0.00028498147620404675,0.27480694404591105,7.154035567715461,True,True,True
Gator_warehouse_Constance,Warehouse/storage,1404.7,16846,0.03978568171454633,10107,3369,3370,14.257863926154577,7.1382890774376655,0.009972693814555384,14.627400178041544,7.0651001970567275,0.021364985163204748,0.23166954572624027,0.01887122792022744,True,True,True
Gator_warehouse_Stacie,Warehouse/storage,1475.2,16246,0.07398540811673504,9747,3249,3250,19.61713650744799,6.475656032271827,0.001477286716730272,18.853946399999998,6.497997361292239,0.0073846153846153844,0.1624301611903286,0.011746662071228542,True,True,True
Bobcat_warehouse_Charlie,Warehouse/storage,2213.2,16006,0.08766529867761053,9603,3201,3202,0.10704609521429463,0.878079842997879,0.9852555291765588,0.5350967520299813,1.903971995317315,0.9262960649594004,0.03753196979232221,0.12225506087457677,True,True,True
